index,STID,YYYYMMDDhhmm,RELH,TAIR,WSPD,WVEC,WDIR,WDSD,WSSD,WMAX,RAIN,PRES,SRAD,TA9M,WS2M
172826,CHEY,2024-03-01 00:00:00,83,1.6,6.3,6.3,165,7.9,1.3,8.7,1.52,938.13,55,1.5,5.3
172946,CHEY,2024-03-01 01:00:00,87,1.2,5.3,5.2,168,10.5,1.0,7.4,0.0,937.96,0,1.2,4.5
173066,CHEY,2024-03-01 02:00:00,88,1.1,6.0,5.9,167,8.8,0.9,8.4,0.0,938.07,0,1.1,5.2
173186,CHEY,2024-03-01 03:00:00,90,0.9,8.1,8.0,170,7.4,1.0,10.6,0.25,937.95,0,0.8,7.0
173306,CHEY,2024-03-01 04:00:00,92,1.1,5.3,5.3,167,10.1,1.0,8.1,0.25,937.94,0,1.0,4.6
173426,CHEY,2024-03-01 05:00:00,92,1.2,4.9,4.8,165,8.6,0.8,7.0,0.25,937.29,0,1.1,4.4
173546,CHEY,2024-03-01 06:00:00,91,0.6,6.5,6.4,170,7.0,0.9,8.5,0.25,936.44,0,0.6,5.5
173666,CHEY,2024-03-01 07:00:00,94,0.1,5.9,5.8,176,9.6,1.1,8.9,0.25,936.03,0,0.0,5.2
173786,CHEY,2024-03-01 08:00:00,98,0.2,6.4,6.4,181,8.2,0.9,9.0,0.25,935.34,0,0.1,5.6
173906,CHEY,2024-03-01 09:00:00,98,0.5,7.1,7.1,175,8.5,1.3,9.5,0.25,934.25,0,0.4,6.2
174026,CHEY,2024-03-01 10:00:00,98,0.9,6.2,6.2,180,8.5,1.3,10.2,0.25,933.69,0,0.8,5.3
174146,CHEY,2024-03-01 11:00:00,97,0.8,7.0,6.9,181,8.2,1.1,9.1,0.25,933.52,0,0.7,6.1
174266,CHEY,2024-03-01 12:00:00,97,0.8,5.4,5.3,190,7.8,0.9,7.4,0.25,933.52,0,0.7,4.5
174386,CHEY,2024-03-01 13:00:00,98,0.4,4.6,4.6,194,10.0,0.7,6.6,0.51,933.23,0,0.3,4.1
174506,CHEY,2024-03-01 14:00:00,99,0.3,7.1,7.0,197,8.3,1.1,10.1,0.51,933.37,47,0.1,6.2
174626,CHEY,2024-03-01 15:00:00,99,1.0,5.8,5.8,195,7.2,0.9,8.3,0.51,934.16,121,0.7,5.0
174746,CHEY,2024-03-01 16:00:00,99,1.6,4.3,4.3,217,11.3,0.6,5.9,0.51,934.53,255,1.2,4.0
174866,CHEY,2024-03-01 17:00:00,99,2.5,2.7,2.7,195,12.2,0.6,4.0,0.51,934.22,519,2.1,2.5
174986,CHEY,2024-03-01 18:00:00,85,5.0,2.8,2.7,194,15.2,0.5,3.9,0.51,934.0,712,4.3,2.7
175106,CHEY,2024-03-01 19:00:00,71,7.8,3.4,3.1,166,23.5,0.9,5.6,0.51,933.53,788,6.9,3.3
175226,CHEY,2024-03-01 20:00:00,67,9.1,4.2,4.0,159,19.0,0.9,6.0,0.51,932.73,748,8.0,3.9
175346,CHEY,2024-03-01 21:00:00,59,10.5,4.6,4.5,170,11.5,0.8,6.4,0.51,932.35,646,9.8,4.2
175466,CHEY,2024-03-01 22:00:00,56,11.8,5.4,5.3,159,12.9,0.9,7.3,0.51,932.07,490,11.1,4.9
175586,CHEY,2024-03-01 23:00:00,58,12.0,4.8,4.7,155,12.1,0.6,6.0,0.51,931.84,291,11.6,4.3
175706,CHEY,2024-03-02 00:00:00,64,12.0,5.2,5.2,155,6.3,0.9,7.1,0.51,931.62,86,12.1,4.4
175826,CHEY,2024-03-02 01:00:00,76,9.7,3.6,3.6,158,6.3,0.3,4.4,0.0,931.62,0,10.2,2.7
175946,CHEY,2024-03-02 02:00:00,84,8.7,2.9,2.8,156,7.9,0.6,4.0,0.0,931.92,0,9.3,2.1
176066,CHEY,2024-03-02 03:00:00,80,9.4,2.6,2.6,166,10.3,0.3,3.4,0.0,932.02,0,10.1,1.9
176186,CHEY,2024-03-02 04:00:00,82,8.7,2.1,2.0,152,10.1,0.4,3.0,0.0,932.22,0,9.6,1.1
176306,CHEY,2024-03-02 05:00:00,76,10.4,4.1,4.1,148,7.8,0.8,5.9,0.0,931.49,0,10.9,3.3
176426,CHEY,2024-03-02 06:00:00,81,9.2,5.0,5.0,172,6.9,0.5,6.4,0.0,930.94,0,9.6,4.3
176546,CHEY,2024-03-02 07:00:00,87,8.1,6.7,6.7,186,5.1,0.5,7.9,0.0,930.49,0,8.6,5.4
176666,CHEY,2024-03-02 08:00:00,87,8.2,7.4,7.4,196,4.7,0.7,9.0,0.0,930.24,0,8.6,5.9
176786,CHEY,2024-03-02 09:00:00,80,8.9,7.3,7.2,222,8.3,0.7,9.6,0.0,929.83,0,9.5,5.6
176906,CHEY,2024-03-02 10:00:00,67,10.1,6.3,6.2,230,8.2,0.8,8.0,0.0,929.64,0,10.6,4.8
177026,CHEY,2024-03-02 11:00:00,53,10.7,6.7,6.6,234,9.3,1.1,8.9,0.0,929.63,0,11.2,5.5
177146,CHEY,2024-03-02 12:00:00,53,9.2,6.0,5.9,227,8.9,0.7,7.8,0.0,929.62,0,9.8,4.6
177266,CHEY,2024-03-02 13:00:00,54,8.5,6.7,6.7,222,7.4,0.7,8.3,0.0,929.59,2,9.1,5.3
177386,CHEY,2024-03-02 14:00:00,44,11.1,6.6,6.5,230,10.1,0.9,8.7,0.0,929.7,149,11.3,5.3
177506,CHEY,2024-03-02 15:00:00,41,13.4,6.1,6.0,238,8.4,1.0,7.8,0.0,929.88,355,13.2,5.1
177626,CHEY,2024-03-02 16:00:00,35,16.9,4.7,4.6,231,10.8,0.8,6.5,0.0,930.03,547,16.4,3.9
177746,CHEY,2024-03-02 17:00:00,31,18.6,6.1,6.0,222,11.2,0.9,7.8,0.0,930.04,693,17.9,5.2
177866,CHEY,2024-03-02 18:00:00,25,21.6,6.7,6.6,211,10.0,1.2,9.3,0.0,929.57,782,20.7,5.7
177986,CHEY,2024-03-02 19:00:00,14,26.2,7.7,7.5,204,13.7,2.1,12.5,0.0,927.88,810,25.5,6.8
178106,CHEY,2024-03-02 20:00:00,8,28.0,10.0,9.7,201,12.2,1.5,15.1,0.0,926.82,778,27.2,8.7
178226,CHEY,2024-03-02 21:00:00,5,27.8,9.3,9.1,220,13.1,1.7,13.6,0.0,926.29,614,27.2,7.8
178346,CHEY,2024-03-02 22:00:00,5,27.1,9.8,9.6,215,8.8,1.4,13.2,0.0,925.88,502,26.9,8.0
178466,CHEY,2024-03-02 23:00:00,7,26.2,8.9,8.8,219,11.8,1.4,11.7,0.0,925.66,296,26.3,7.6
178586,CHEY,2024-03-03 00:00:00,9,23.9,6.1,6.0,220,10.1,1.0,8.5,0.0,925.91,113,24.4,4.9
178706,CHEY,2024-03-03 01:00:00,13,20.6,5.7,5.7,198,6.4,0.7,7.1,0.0,925.52,0,21.5,4.6
178826,CHEY,2024-03-03 02:00:00,17,19.7,8.4,8.3,192,8.0,1.1,10.4,0.0,925.51,0,20.4,7.2
178946,CHEY,2024-03-03 03:00:00,27,17.1,8.6,8.6,197,6.0,0.9,11.3,0.0,925.4,0,17.6,7.0
179066,CHEY,2024-03-03 04:00:00,26,16.2,6.7,6.6,201,6.6,0.8,9.3,0.0,925.67,0,16.9,5.1
179186,CHEY,2024-03-03 05:00:00,27,14.9,6.2,6.2,197,7.1,0.7,7.6,0.0,925.59,0,15.6,4.9
179306,CHEY,2024-03-03 06:00:00,28,14.2,8.0,8.0,198,5.6,0.8,10.7,0.0,925.18,0,14.8,6.4
179426,CHEY,2024-03-03 07:00:00,29,13.0,7.2,7.2,192,6.5,0.8,9.3,0.0,925.25,0,13.6,5.7
179546,CHEY,2024-03-03 08:00:00,31,11.9,6.4,6.4,209,7.0,0.6,7.6,0.0,925.12,0,12.5,5.0
179666,CHEY,2024-03-03 09:00:00,34,10.6,7.1,7.1,201,5.4,0.7,8.7,0.0,924.75,0,11.2,5.7
179786,CHEY,2024-03-03 10:00:00,34,10.0,7.8,7.7,200,5.3,0.6,9.1,0.0,924.29,0,10.7,6.1
179906,CHEY,2024-03-03 11:00:00,32,10.4,7.1,7.1,207,6.1,0.7,8.7,0.0,924.6,0,10.9,5.6
180026,CHEY,2024-03-03 12:00:00,32,10.0,7.2,7.1,214,6.4,0.9,9.1,0.0,925.01,0,10.6,5.4
180146,CHEY,2024-03-03 13:00:00,32,9.7,6.8,6.8,211,6.4,0.6,8.1,0.0,925.58,5,10.3,5.2
180266,CHEY,2024-03-03 14:00:00,30,11.1,7.3,7.2,204,6.2,0.9,9.2,0.0,925.94,164,11.2,6.1
180386,CHEY,2024-03-03 15:00:00,28,13.7,7.3,7.2,200,7.4,1.1,9.4,0.0,926.42,338,13.3,6.1
180506,CHEY,2024-03-03 16:00:00,23,17.6,6.2,6.1,207,11.4,1.0,9.9,0.0,927.04,534,17.0,5.5
180626,CHEY,2024-03-03 17:00:00,14,22.6,5.1,4.8,246,18.6,1.4,7.5,0.0,927.76,638,22.0,4.3
180746,CHEY,2024-03-03 18:00:00,11,24.3,7.2,7.0,250,13.9,1.6,11.6,0.0,927.1,765,23.5,5.8
180866,CHEY,2024-03-03 19:00:00,12,24.8,6.9,6.7,203,14.9,1.5,10.0,0.0,926.15,900,23.8,6.0
180986,CHEY,2024-03-03 20:00:00,12,25.5,6.9,6.8,208,10.2,1.5,10.4,0.0,925.26,737,24.7,6.2
181106,CHEY,2024-03-03 21:00:00,10,26.1,8.3,8.2,203,6.4,1.2,11.2,0.0,924.32,628,25.4,7.1
181226,CHEY,2024-03-03 22:00:00,10,27.0,8.2,8.1,202,9.6,1.9,11.8,0.0,923.52,510,26.6,6.9
181346,CHEY,2024-03-03 23:00:00,17,25.3,9.6,9.5,167,8.3,1.6,13.1,0.0,923.15,299,25.2,8.3
181466,CHEY,2024-03-04 00:00:00,17,23.9,9.0,8.9,172,6.8,1.7,13.2,0.0,923.27,96,24.3,7.5
181586,CHEY,2024-03-04 01:00:00,19,21.2,7.1,7.0,172,8.1,1.1,10.1,0.0,923.6,0,21.7,5.9
181706,CHEY,2024-03-04 02:00:00,24,19.1,7.6,7.5,180,7.8,0.9,9.7,0.0,923.87,0,19.6,6.6
181826,CHEY,2024-03-04 03:00:00,26,18.5,8.1,8.0,182,7.2,1.1,10.4,0.0,924.04,0,18.9,7.2
181946,CHEY,2024-03-04 04:00:00,25,18.3,9.3,9.2,187,7.4,1.4,12.2,0.0,924.03,0,18.7,8.1
182066,CHEY,2024-03-04 05:00:00,24,16.9,7.6,7.6,193,6.7,0.9,10.1,0.0,924.09,0,17.4,6.3
182186,CHEY,2024-03-04 06:00:00,28,15.0,7.9,7.8,194,5.9,0.7,9.5,0.0,924.03,0,15.5,6.4
182306,CHEY,2024-03-04 07:00:00,30,13.8,7.3,7.3,191,6.5,0.7,9.1,0.0,924.06,0,14.3,6.0
182426,CHEY,2024-03-04 08:00:00,32,12.5,7.6,7.6,193,5.2,0.6,9.4,0.0,924.02,0,13.1,6.2
182546,CHEY,2024-03-04 09:00:00,32,12.2,8.1,8.0,197,5.8,0.7,9.8,0.0,923.91,0,12.8,6.5
182666,CHEY,2024-03-04 10:00:00,34,11.2,5.8,5.8,210,6.7,0.7,7.7,0.0,923.75,0,11.7,4.5
182786,CHEY,2024-03-04 11:00:00,36,10.3,5.8,5.8,204,7.5,0.6,7.9,0.0,924.21,0,10.8,4.5
182906,CHEY,2024-03-04 12:00:00,33,10.9,4.4,4.4,234,7.3,0.5,5.5,0.0,924.47,0,11.7,3.1
183026,CHEY,2024-03-04 13:00:00,35,10.4,5.7,5.7,222,7.0,0.6,7.5,0.0,925.29,2,11.0,4.2
183146,CHEY,2024-03-04 14:00:00,35,11.0,3.8,3.7,258,9.7,0.5,4.6,0.0,927.11,141,11.2,2.9
183266,CHEY,2024-03-04 15:00:00,31,13.1,6.2,6.1,324,10.2,0.9,8.1,0.0,928.1,354,12.5,4.7
183386,CHEY,2024-03-04 16:00:00,30,11.9,6.1,6.0,323,10.5,1.0,7.8,0.0,929.26,455,11.0,4.7
183506,CHEY,2024-03-04 17:00:00,25,13.2,3.9,3.8,310,15.2,1.0,5.8,0.0,929.79,702,12.2,3.2
183626,CHEY,2024-03-04 18:00:00,20,15.1,4.8,4.7,318,10.1,0.8,6.4,0.0,929.77,832,13.8,3.9
183746,CHEY,2024-03-04 19:00:00,18,16.0,4.8,4.7,341,11.4,0.8,6.6,0.0,929.64,651,14.6,3.9
183866,CHEY,2024-03-04 20:00:00,18,18.1,5.3,5.1,334,14.7,1.3,7.9,0.0,928.9,723,16.9,4.2
183986,CHEY,2024-03-04 21:00:00,19,18.5,4.7,4.7,330,10.3,1.2,6.8,0.0,928.71,595,17.2,3.9
184106,CHEY,2024-03-04 22:00:00,19,18.0,2.6,2.5,342,13.5,0.4,3.8,0.0,928.79,349,17.5,2.2
184226,CHEY,2024-03-04 23:00:00,20,17.8,2.9,2.8,335,15.4,0.6,4.4,0.0,929.08,255,17.2,2.4
184346,CHEY,2024-03-05 00:00:00,24,16.5,2.7,2.7,358,11.1,0.4,3.5,0.0,929.43,123,16.6,1.8
184466,CHEY,2024-03-05 01:00:00,32,12.8,2.6,2.5,337,5.8,0.3,3.0,0.0,930.12,0,14.5,0.9
184586,CHEY,2024-03-05 02:00:00,37,11.4,3.6,3.6,327,5.5,0.3,4.4,0.0,930.52,0,12.6,2.1
184706,CHEY,2024-03-05 03:00:00,42,9.8,1.0,1.0,18,10.2,0.4,1.8,0.0,930.59,0,10.8,0.0
184826,CHEY,2024-03-05 04:00:00,43,10.2,1.2,1.2,54,9.0,0.2,1.6,0.0,930.91,0,10.9,0.0
184946,CHEY,2024-03-05 05:00:00,42,10.4,1.2,1.2,57,1.2,0.1,1.4,0.0,931.21,0,10.9,0.0
185066,CHEY,2024-03-05 06:00:00,48,8.1,2.1,2.1,343,4.5,0.1,2.3,0.0,931.13,0,9.6,1.3
185186,CHEY,2024-03-05 07:00:00,52,7.1,1.9,1.9,7,7.8,0.1,2.2,0.0,930.75,0,8.3,0.9
185306,CHEY,2024-03-05 08:00:00,58,6.6,2.0,2.0,21,7.2,0.2,2.5,0.0,931.27,0,7.6,1.0
185426,CHEY,2024-03-05 09:00:00,65,6.0,1.9,1.9,25,8.8,0.2,2.3,0.0,931.4,0,6.9,1.1
185546,CHEY,2024-03-05 10:00:00,74,3.6,3.0,3.0,342,3.2,0.1,3.3,0.0,932.11,0,4.9,1.5
185666,CHEY,2024-03-05 11:00:00,81,2.4,2.9,2.9,347,3.7,0.2,3.7,0.0,932.66,0,3.4,1.5
185786,CHEY,2024-03-05 12:00:00,81,2.5,4.1,4.1,337,4.3,0.2,4.6,0.0,933.12,0,3.5,2.4
185906,CHEY,2024-03-05 13:00:00,82,2.1,4.2,4.2,334,3.5,0.2,4.9,0.0,933.65,3,3.0,2.5
186026,CHEY,2024-03-05 14:00:00,78,3.8,3.6,3.5,344,12.0,0.4,4.3,0.0,934.15,151,3.5,2.5
186146,CHEY,2024-03-05 15:00:00,70,5.8,5.1,4.9,355,15.1,0.6,6.4,0.0,934.87,359,5.1,3.8
186266,CHEY,2024-03-05 16:00:00,58,9.1,5.0,4.9,352,11.5,0.7,6.9,0.0,934.98,555,7.9,4.0
186386,CHEY,2024-03-05 17:00:00,48,11.6,5.7,5.6,351,12.4,1.0,7.9,0.0,935.25,695,10.4,4.5
186506,CHEY,2024-03-05 18:00:00,39,14.6,6.1,6.0,8,11.3,1.3,8.7,0.0,935.26,781,13.2,5.0
186626,CHEY,2024-03-05 19:00:00,32,17.1,6.4,6.2,32,14.1,1.6,9.8,0.0,934.57,962,15.1,5.0
186746,CHEY,2024-03-05 20:00:00,35,16.1,5.5,5.2,33,19.6,1.2,7.5,0.0,934.23,400,14.9,4.4
186866,CHEY,2024-03-05 21:00:00,37,16.5,5.2,5.0,24,16.9,1.3,8.7,0.0,934.07,669,15.0,4.1
186986,CHEY,2024-03-05 22:00:00,39,16.5,5.3,5.2,42,10.9,1.0,7.3,0.0,933.54,524,15.5,4.1
187106,CHEY,2024-03-05 23:00:00,38,15.1,5.8,5.7,42,6.5,0.8,7.7,0.0,933.47,250,14.7,4.1
187226,CHEY,2024-03-06 00:00:00,41,14.7,5.2,5.1,41,10.2,0.8,6.7,0.0,933.7,128,14.6,3.8
187346,CHEY,2024-03-06 01:00:00,50,11.5,3.5,3.5,47,4.9,0.3,4.3,0.0,934.26,0,12.3,2.0
187466,CHEY,2024-03-06 02:00:00,57,9.6,2.7,2.6,22,8.7,0.3,3.4,0.0,935.09,0,10.7,1.3
187586,CHEY,2024-03-06 03:00:00,63,7.9,2.3,2.3,59,3.7,0.2,2.6,0.0,935.3,0,8.7,0.8
187706,CHEY,2024-03-06 04:00:00,71,6.5,2.7,2.7,65,3.8,0.2,3.0,0.0,935.29,0,7.7,1.0
187826,CHEY,2024-03-06 05:00:00,70,6.7,2.3,2.3,42,5.6,0.3,2.9,0.0,935.34,0,7.4,1.2
187946,CHEY,2024-03-06 06:00:00,72,5.8,2.8,2.8,66,3.1,0.2,3.2,0.0,934.9,0,7.0,1.2
188066,CHEY,2024-03-06 07:00:00,71,5.0,3.0,3.0,74,3.2,0.2,3.7,0.0,934.4,0,6.2,1.2
188186,CHEY,2024-03-06 08:00:00,75,4.1,2.6,2.6,70,3.5,0.1,3.0,0.0,934.32,0,5.3,0.8
188306,CHEY,2024-03-06 09:00:00,73,4.5,1.9,1.9,46,4.4,0.2,2.3,0.0,934.14,0,5.2,1.1
188426,CHEY,2024-03-06 10:00:00,78,3.5,1.7,1.7,35,4.7,0.1,2.0,0.0,933.54,0,4.8,0.5
188546,CHEY,2024-03-06 11:00:00,79,3.5,1.1,1.1,22,9.2,0.1,1.3,0.0,933.62,0,4.5,0.0
188666,CHEY,2024-03-06 12:00:00,84,2.4,2.1,2.1,350,3.9,0.1,2.4,0.0,933.96,0,3.6,1.1
188786,CHEY,2024-03-06 13:00:00,88,2.1,1.7,1.6,332,4.7,0.1,1.8,0.0,933.87,4,3.0,1.0
188906,CHEY,2024-03-06 14:00:00,85,3.7,2.4,2.4,318,7.4,0.3,3.0,0.0,934.61,148,3.5,1.8
189026,CHEY,2024-03-06 15:00:00,80,6.2,1.7,1.6,6,13.1,0.4,2.6,0.0,934.7,350,5.8,1.5
189146,CHEY,2024-03-06 16:00:00,71,9.1,0.8,0.8,100,22.5,0.5,1.6,0.0,934.43,441,9.1,0.8
189266,CHEY,2024-03-06 17:00:00,58,12.9,2.7,2.6,136,12.6,0.5,4.2,0.0,933.63,543,12.4,2.4
189386,CHEY,2024-03-06 18:00:00,53,15.2,3.1,3.0,190,17.0,1.2,5.1,0.0,932.89,673,14.5,3.0
189506,CHEY,2024-03-06 19:00:00,48,16.8,4.5,4.4,181,10.2,1.1,6.6,0.0,931.94,709,15.9,4.1
189626,CHEY,2024-03-06 20:00:00,49,17.0,5.5,5.3,180,16.7,1.0,7.4,0.0,930.74,592,16.2,4.9
189746,CHEY,2024-03-06 21:00:00,51,17.1,5.2,5.0,178,11.7,1.4,7.7,0.0,929.89,478,16.4,4.7
189866,CHEY,2024-03-06 22:00:00,52,16.9,5.6,5.5,181,11.6,1.0,7.5,0.0,929.34,285,16.5,4.9
189986,CHEY,2024-03-06 23:00:00,56,16.4,5.6,5.5,183,8.4,0.9,7.4,0.0,928.83,138,16.3,4.9
190106,CHEY,2024-03-07 00:00:00,64,15.3,4.4,4.4,170,7.1,0.7,5.9,0.0,929.08,39,15.4,3.8
190226,CHEY,2024-03-07 01:00:00,70,13.8,3.6,3.6,170,6.5,0.4,4.7,0.0,929.31,0,14.1,3.0
190346,CHEY,2024-03-07 02:00:00,76,12.7,4.1,4.1,164,5.3,0.5,5.3,0.0,929.1,0,12.9,3.2
190466,CHEY,2024-03-07 03:00:00,77,13.1,4.3,4.3,171,5.9,0.5,5.4,0.0,928.74,0,13.4,3.5
190586,CHEY,2024-03-07 04:00:00,80,13.1,4.7,4.7,172,5.9,0.4,5.7,0.0,928.37,0,13.4,3.7
190706,CHEY,2024-03-07 05:00:00,80,13.6,4.2,4.2,168,6.8,0.6,5.5,0.0,928.08,0,13.9,3.4
190826,CHEY,2024-03-07 06:00:00,83,13.4,3.2,3.1,148,8.4,0.5,4.4,0.0,927.96,0,13.6,2.5
190946,CHEY,2024-03-07 07:00:00,83,13.8,4.5,4.5,144,7.2,0.5,5.7,0.0,927.0,0,14.0,3.9
191066,CHEY,2024-03-07 08:00:00,91,10.9,1.1,1.0,52,15.7,0.2,1.7,0.0,926.67,0,11.0,0.4
191186,CHEY,2024-03-07 09:00:00,83,14.0,4.2,4.2,156,7.6,0.7,6.7,0.0,925.75,0,14.2,3.5
191306,CHEY,2024-03-07 10:00:00,82,13.9,6.4,6.3,182,8.4,0.8,8.5,0.0,925.07,0,14.1,5.5
191426,CHEY,2024-03-07 11:00:00,84,13.5,5.8,5.7,182,7.8,0.5,7.1,0.0,925.0,0,13.7,4.9
191546,CHEY,2024-03-07 12:00:00,86,12.8,5.2,5.2,182,7.1,0.5,6.2,0.0,924.89,0,13.0,4.3
191666,CHEY,2024-03-07 13:00:00,84,12.8,6.4,6.4,179,5.7,0.6,7.9,0.0,925.05,0,13.0,5.4
191786,CHEY,2024-03-07 14:00:00,76,13.4,6.3,6.2,194,5.4,0.6,8.2,0.0,925.45,37,13.6,5.1
191906,CHEY,2024-03-07 15:00:00,72,13.9,6.8,6.7,179,6.8,0.7,8.5,0.0,925.92,104,13.9,5.9
192026,CHEY,2024-03-07 16:00:00,51,17.9,8.0,7.9,185,7.6,1.0,10.4,0.0,925.97,416,17.3,7.1
192146,CHEY,2024-03-07 17:00:00,46,19.8,6.8,6.6,178,10.3,1.1,9.7,0.0,925.4,714,18.9,5.9
192266,CHEY,2024-03-07 18:00:00,37,21.3,6.7,6.5,202,10.5,1.1,9.2,0.0,924.88,812,20.4,5.8
192386,CHEY,2024-03-07 19:00:00,28,22.5,4.8,4.6,204,18.2,0.9,7.3,0.0,924.11,630,21.9,4.3
192506,CHEY,2024-03-07 20:00:00,24,23.4,5.2,4.9,196,17.5,1.8,10.7,0.0,922.84,427,22.9,4.5
192626,CHEY,2024-03-07 21:00:00,41,18.3,5.5,4.9,232,26.7,3.7,13.3,0.25,923.27,91,19.1,4.5
192746,CHEY,2024-03-07 22:00:00,22,22.7,5.7,5.3,207,19.3,1.7,10.1,0.25,922.3,478,22.6,4.9
192866,CHEY,2024-03-07 23:00:00,35,19.7,8.0,7.9,160,7.6,1.1,10.3,0.25,922.76,207,19.5,6.7
192986,CHEY,2024-03-08 00:00:00,44,17.6,6.1,6.0,193,6.5,0.9,8.3,0.25,923.39,28,18.1,4.9
193106,CHEY,2024-03-08 01:00:00,32,17.6,4.1,4.1,282,9.4,0.3,4.8,0.0,923.03,0,18.8,2.8
193226,CHEY,2024-03-08 02:00:00,46,14.9,3.0,3.0,37,11.1,0.4,4.3,0.0,924.94,0,15.7,1.9
193346,CHEY,2024-03-08 03:00:00,76,10.8,5.3,5.3,336,6.1,0.5,6.3,0.0,926.48,0,10.9,4.0
193466,CHEY,2024-03-08 04:00:00,88,8.9,5.4,5.4,338,6.2,0.6,6.5,0.0,927.01,0,8.9,3.9
193586,CHEY,2024-03-08 05:00:00,87,9.0,4.9,4.9,346,8.1,0.6,6.2,0.0,927.37,0,8.9,3.7
193706,CHEY,2024-03-08 06:00:00,89,9.2,5.5,5.4,340,7.5,0.9,7.2,0.0,928.26,0,9.1,3.9
193826,CHEY,2024-03-08 07:00:00,96,8.4,5.1,5.0,345,9.0,0.7,6.4,0.0,928.56,0,8.2,3.9
193946,CHEY,2024-03-08 08:00:00,98,7.9,6.7,6.5,350,15.5,1.1,8.9,0.0,928.62,0,7.8,4.9
194066,CHEY,2024-03-08 09:00:00,94,7.5,5.7,5.6,342,10.9,1.0,7.7,0.0,929.52,0,7.4,4.1
194186,CHEY,2024-03-08 10:00:00,96,7.2,5.7,5.6,343,7.7,0.8,7.8,0.0,929.82,0,7.1,4.3
194306,CHEY,2024-03-08 11:00:00,95,7.2,7.0,6.9,351,9.3,0.9,8.5,0.0,930.2,0,7.1,5.1
194426,CHEY,2024-03-08 12:00:00,95,6.8,4.9,4.7,356,14.4,0.9,6.6,0.0,931.14,0,6.8,3.6
194546,CHEY,2024-03-08 13:00:00,98,6.4,6.6,6.2,360,19.0,1.2,9.4,0.76,931.84,1,6.3,4.6
194666,CHEY,2024-03-08 14:00:00,97,4.2,10.6,10.1,346,17.2,1.5,14.4,1.02,932.38,47,4.1,8.1
194786,CHEY,2024-03-08 15:00:00,96,2.9,8.7,8.3,355,16.3,1.2,11.6,1.02,933.84,22,2.8,6.7
194906,CHEY,2024-03-08 16:00:00,93,1.7,10.2,9.4,357,22.7,2.0,14.4,1.02,934.11,33,1.6,7.9
195026,CHEY,2024-03-08 17:00:00,90,1.3,11.8,10.8,358,23.9,2.0,16.3,1.02,934.63,118,1.0,8.5
195146,CHEY,2024-03-08 18:00:00,90,0.8,9.6,9.2,351,15.7,1.5,13.2,1.02,934.91,86,0.6,7.4
195266,CHEY,2024-03-08 19:00:00,85,1.2,10.7,10.3,3,15.8,1.4,13.8,1.02,935.34,59,1.0,8.0
195386,CHEY,2024-03-08 20:00:00,88,0.9,9.5,9.2,348,13.8,1.3,12.1,1.27,935.37,77,0.9,7.1
195506,CHEY,2024-03-08 21:00:00,84,1.2,7.8,7.7,344,7.8,1.3,10.7,1.27,935.89,48,1.2,5.8
195626,CHEY,2024-03-08 22:00:00,80,2.0,9.4,8.9,350,18.2,1.4,13.3,1.52,936.09,75,1.9,6.9
195746,CHEY,2024-03-08 23:00:00,75,2.2,10.9,10.8,348,8.9,1.3,13.7,1.52,936.67,90,2.1,8.2
195866,CHEY,2024-03-09 00:00:00,76,1.7,11.6,11.1,348,18.3,1.7,15.5,1.52,937.93,24,1.6,8.7
195986,CHEY,2024-03-09 01:00:00,83,1.0,9.1,8.9,345,10.2,1.4,12.4,0.0,939.03,0,1.0,7.0
196106,CHEY,2024-03-09 02:00:00,83,0.9,9.9,9.7,349,11.2,1.5,12.5,0.0,939.87,0,0.8,7.4
196226,CHEY,2024-03-09 03:00:00,85,0.5,11.1,10.4,348,20.1,1.4,13.9,0.0,940.62,0,0.5,8.3
196346,CHEY,2024-03-09 04:00:00,85,0.6,7.2,6.8,355,17.9,0.9,9.2,0.0,941.44,0,0.6,5.3
196466,CHEY,2024-03-09 05:00:00,83,0.9,9.2,8.8,351,18.3,1.8,12.7,0.0,941.78,0,0.9,7.1
196586,CHEY,2024-03-09 06:00:00,81,0.9,8.4,8.3,350,10.3,1.6,11.2,0.0,942.04,0,0.9,6.2
196706,CHEY,2024-03-09 07:00:00,77,1.0,6.8,6.3,354,21.9,1.0,9.2,0.0,942.14,0,1.0,5.1
196826,CHEY,2024-03-09 08:00:00,74,1.0,8.3,8.1,344,12.0,0.9,10.7,0.0,942.15,0,0.9,6.1
196946,CHEY,2024-03-09 09:00:00,71,0.9,7.4,7.3,343,7.7,1.5,11.0,0.0,941.97,0,1.0,5.7
197066,CHEY,2024-03-09 10:00:00,74,-0.2,6.1,6.0,336,7.2,0.7,7.7,0.0,941.58,0,0.1,4.5
197186,CHEY,2024-03-09 11:00:00,75,-0.6,5.1,5.1,329,6.1,0.7,6.6,0.0,941.75,0,-0.2,3.7
197306,CHEY,2024-03-09 12:00:00,72,0.4,4.2,4.1,334,7.6,0.6,5.3,0.0,942.44,0,0.5,2.9
197426,CHEY,2024-03-09 13:00:00,71,0.0,5.9,5.9,329,5.0,0.6,7.4,0.0,942.74,5,0.4,4.0
197546,CHEY,2024-03-09 14:00:00,66,1.2,6.2,6.2,330,6.2,0.9,7.7,0.0,943.42,73,1.2,4.6
197666,CHEY,2024-03-09 15:00:00,55,4.1,4.4,4.2,348,16.5,0.9,6.6,0.0,943.99,336,3.4,3.4
197786,CHEY,2024-03-09 16:00:00,45,6.3,5.1,5.0,352,12.3,0.7,6.5,0.0,944.2,565,5.2,4.0
197906,CHEY,2024-03-09 17:00:00,39,7.5,5.7,5.3,356,21.5,1.2,8.1,0.0,944.22,707,6.2,4.5
198026,CHEY,2024-03-09 18:00:00,-999,-999.0,-999.0,-999.0,-999,-999.0,-999.0,-999.0,-999.0,-999.0,-999,-999.0,-999.0
198146,CHEY,2024-03-09 19:00:00,33,10.5,4.1,3.7,340,23.8,1.3,6.8,0.0,943.04,821,9.1,3.2
198266,CHEY,2024-03-09 20:00:00,30,11.4,3.9,3.6,6,21.2,0.9,6.2,0.0,941.99,782,10.1,3.3
198386,CHEY,2024-03-09 21:00:00,26,13.1,4.9,4.8,312,10.6,0.8,6.4,0.0,940.93,679,11.5,3.8
198506,CHEY,2024-03-09 22:00:00,25,12.9,1.7,1.6,332,20.2,0.5,2.7,0.0,940.39,522,12.1,1.4
198626,CHEY,2024-03-09 23:00:00,24,12.9,3.9,3.7,328,16.0,1.2,6.2,0.0,940.18,324,12.2,3.1
198746,CHEY,2024-03-10 00:00:00,26,12.5,2.2,2.2,320,10.6,0.4,2.9,0.0,940.37,118,12.3,1.6
198866,CHEY,2024-03-10 01:00:00,32,9.4,2.3,2.3,297,5.2,0.2,2.5,0.0,940.48,1,11.1,1.5
198986,CHEY,2024-03-10 02:00:00,36,8.1,2.5,2.5,257,2.3,0.1,2.8,0.0,940.83,0,10.2,1.6
199106,CHEY,2024-03-10 03:00:00,34,8.3,2.6,2.6,253,0.8,0.1,2.9,0.0,941.08,0,11.1,1.6
199226,CHEY,2024-03-10 04:00:00,36,8.1,3.3,3.3,238,2.5,0.2,3.7,0.0,941.29,0,9.9,2.2
199346,CHEY,2024-03-10 05:00:00,39,7.2,4.8,4.8,221,4.6,0.3,5.5,0.0,941.18,0,8.5,3.2
199466,CHEY,2024-03-10 06:00:00,48,5.5,5.1,5.1,216,6.0,0.5,6.1,0.0,941.05,0,6.2,3.7
199586,CHEY,2024-03-10 07:00:00,57,4.5,5.1,5.0,218,4.8,0.4,5.8,0.0,940.93,0,5.3,3.6
199706,CHEY,2024-03-10 08:00:00,58,4.6,4.8,4.8,219,6.4,0.5,6.0,0.0,940.95,0,5.4,3.5
199826,CHEY,2024-03-10 09:00:00,57,5.1,5.7,5.7,221,7.5,0.6,7.1,0.0,940.61,0,5.6,4.6
199946,CHEY,2024-03-10 10:00:00,58,5.0,5.3,5.3,223,6.3,0.5,6.9,0.0,940.42,0,5.5,4.0
200066,CHEY,2024-03-10 11:00:00,59,4.6,5.1,5.1,219,6.0,0.4,6.3,0.0,940.28,0,5.3,3.7
200186,CHEY,2024-03-10 12:00:00,63,3.7,5.6,5.6,219,5.4,0.5,6.8,0.0,940.53,0,4.3,4.1
200306,CHEY,2024-03-10 13:00:00,61,3.9,5.4,5.4,224,5.8,0.5,6.5,0.0,940.81,7,4.5,3.9
200426,CHEY,2024-03-10 14:00:00,47,7.4,4.9,4.8,234,7.6,0.7,6.7,0.0,941.44,178,7.4,4.0
200546,CHEY,2024-03-10 15:00:00,38,11.9,4.0,3.9,240,11.3,0.7,5.5,0.0,942.0,389,11.5,3.3
200666,CHEY,2024-03-10 16:00:00,33,13.7,5.9,5.8,228,8.0,0.8,7.4,0.0,942.13,578,12.9,4.9
200786,CHEY,2024-03-10 17:00:00,30,15.1,6.9,6.8,213,12.2,1.2,9.6,0.0,942.02,721,14.1,5.9
200906,CHEY,2024-03-10 18:00:00,29,16.4,6.5,6.3,197,14.9,1.3,9.9,0.0,941.57,807,15.3,5.7
201026,CHEY,2024-03-10 19:00:00,28,17.2,7.5,7.4,196,11.8,1.2,10.2,0.0,940.81,829,16.0,6.7
201146,CHEY,2024-03-10 20:00:00,27,17.4,7.8,7.7,198,9.8,1.4,11.9,0.0,939.55,786,16.2,6.8
201266,CHEY,2024-03-10 21:00:00,27,17.3,6.5,6.4,200,9.4,1.5,10.0,0.0,938.95,681,16.5,5.8
201386,CHEY,2024-03-10 22:00:00,26,17.9,7.4,7.3,182,11.0,1.3,9.8,0.0,938.5,522,17.2,6.5
201506,CHEY,2024-03-10 23:00:00,29,17.5,6.3,6.2,177,10.6,1.3,9.2,0.0,938.2,321,17.2,5.5
201626,CHEY,2024-03-11 00:00:00,30,16.3,6.5,6.4,175,7.8,1.0,9.4,0.0,938.14,117,16.5,5.6
201746,CHEY,2024-03-11 01:00:00,41,13.2,6.3,6.2,163,7.5,0.9,8.9,0.0,938.4,1,13.6,5.2
201866,CHEY,2024-03-11 02:00:00,49,10.7,5.2,5.2,161,6.7,0.7,7.6,0.0,938.69,0,11.1,4.3
201986,CHEY,2024-03-11 03:00:00,51,9.8,6.0,5.9,164,6.0,0.8,8.0,0.0,939.12,0,10.2,5.0
202106,CHEY,2024-03-11 04:00:00,56,8.3,5.9,5.9,175,5.3,0.6,7.3,0.0,939.71,0,8.7,4.7
202226,CHEY,2024-03-11 05:00:00,57,8.2,7.1,7.0,177,6.0,0.9,9.2,0.0,939.56,0,8.6,6.0
202346,CHEY,2024-03-11 06:00:00,61,7.2,7.0,7.0,182,5.8,0.7,8.6,0.0,939.17,0,7.6,5.9
202466,CHEY,2024-03-11 07:00:00,58,8.0,7.5,7.5,189,6.6,0.8,9.4,0.0,938.61,0,8.3,6.5
202586,CHEY,2024-03-11 08:00:00,60,7.5,8.2,8.1,190,5.7,0.9,10.2,0.0,938.26,0,7.9,7.0
202706,CHEY,2024-03-11 09:00:00,64,6.9,7.9,7.8,201,5.7,0.7,9.1,0.0,937.89,0,7.3,6.3
202826,CHEY,2024-03-11 10:00:00,66,6.5,7.2,7.2,199,6.1,0.7,8.8,0.0,937.56,0,6.9,5.7
202946,CHEY,2024-03-11 11:00:00,67,6.3,7.5,7.5,196,5.8,0.7,9.1,0.0,937.43,0,6.7,6.1
203066,CHEY,2024-03-11 12:00:00,67,6.0,7.5,7.5,194,5.1,0.8,9.7,0.0,937.78,0,6.3,6.3
203186,CHEY,2024-03-11 13:00:00,67,6.1,6.6,6.5,195,6.0,0.7,8.4,0.0,938.02,8,6.5,5.3
203306,CHEY,2024-03-11 14:00:00,61,8.0,6.8,6.8,195,6.5,0.6,8.1,0.0,938.13,182,7.8,5.9
203426,CHEY,2024-03-11 15:00:00,55,10.0,7.4,7.4,194,6.7,1.0,10.3,0.0,938.63,387,9.4,6.6
203546,CHEY,2024-03-11 16:00:00,50,12.6,7.3,7.2,192,7.8,0.7,9.0,0.0,938.32,581,11.7,6.4
203666,CHEY,2024-03-11 17:00:00,38,16.3,7.8,7.7,216,7.5,1.1,9.8,0.0,938.13,722,15.3,6.5
203786,CHEY,2024-03-11 18:00:00,34,18.2,8.3,8.2,201,7.7,1.5,11.9,0.0,937.44,811,17.0,7.2
203906,CHEY,2024-03-11 19:00:00,29,19.3,10.2,10.1,184,9.2,1.5,13.6,0.0,936.58,831,18.0,8.8
204026,CHEY,2024-03-11 20:00:00,31,19.8,8.9,8.7,182,10.0,1.9,13.4,0.0,935.65,789,18.5,7.8
204146,CHEY,2024-03-11 21:00:00,28,20.5,9.9,9.7,173,9.5,1.8,13.4,0.0,934.61,681,19.6,8.8
204266,CHEY,2024-03-11 22:00:00,28,20.7,8.9,8.8,179,9.4,1.9,14.4,0.0,934.26,527,20.0,7.9
204386,CHEY,2024-03-11 23:00:00,31,19.8,10.4,10.2,168,9.9,1.5,13.4,0.0,933.76,315,19.5,9.0
204506,CHEY,2024-03-12 00:00:00,37,18.4,7.6,7.5,163,9.2,1.6,11.3,0.0,933.78,88,18.5,6.6
204626,CHEY,2024-03-12 01:00:00,42,16.3,6.8,6.8,163,8.7,1.0,9.0,0.0,933.56,1,16.6,6.1
204746,CHEY,2024-03-12 02:00:00,50,14.4,7.0,6.9,162,8.0,1.0,10.0,0.0,933.58,0,14.8,5.9
204866,CHEY,2024-03-12 03:00:00,49,14.2,8.6,8.6,171,7.4,1.3,12.1,0.0,933.61,0,14.4,7.5
204986,CHEY,2024-03-12 04:00:00,58,12.9,7.9,7.9,173,7.8,1.0,10.9,0.0,933.76,0,13.2,6.8
205106,CHEY,2024-03-12 05:00:00,59,12.6,7.8,7.8,179,8.1,1.1,10.1,0.0,933.28,0,12.9,6.6
205226,CHEY,2024-03-12 06:00:00,61,12.1,6.2,6.1,186,8.0,0.8,7.8,0.0,933.34,0,12.4,5.3
205346,CHEY,2024-03-12 07:00:00,63,11.4,7.8,7.7,192,6.7,0.9,10.2,0.0,932.92,0,11.7,6.6
205466,CHEY,2024-03-12 08:00:00,68,10.2,7.3,7.3,186,6.2,0.7,9.1,0.0,932.63,0,10.6,6.1
205586,CHEY,2024-03-12 09:00:00,72,9.3,7.3,7.2,188,6.3,0.7,9.1,0.0,931.87,0,9.7,6.1
205706,CHEY,2024-03-12 10:00:00,77,8.6,7.7,7.7,183,5.7,0.8,9.9,0.0,931.24,0,8.8,6.4
205826,CHEY,2024-03-12 11:00:00,77,8.8,8.2,8.2,190,6.4,0.8,10.1,0.0,930.96,0,9.1,6.9
205946,CHEY,2024-03-12 12:00:00,73,9.1,8.9,8.9,188,5.3,0.7,10.6,0.0,930.71,0,9.4,7.5
206066,CHEY,2024-03-12 13:00:00,73,9.0,9.5,9.5,195,6.0,1.0,11.5,0.0,930.29,3,9.2,8.1
206186,CHEY,2024-03-12 14:00:00,75,8.7,8.4,8.4,203,5.5,0.9,10.8,0.0,930.65,60,8.8,7.0
206306,CHEY,2024-03-12 15:00:00,60,12.5,8.9,8.8,203,9.0,1.1,11.3,0.0,930.62,391,11.9,7.6
206426,CHEY,2024-03-12 16:00:00,50,15.1,9.2,9.1,206,6.9,1.4,12.5,0.0,930.75,576,14.2,7.8
206546,CHEY,2024-03-12 17:00:00,38,18.8,6.2,6.0,213,13.1,0.9,8.4,0.0,930.6,718,17.9,5.6
206666,CHEY,2024-03-12 18:00:00,25,21.8,4.1,3.8,256,22.1,0.8,6.4,0.0,930.42,807,21.1,3.4
206786,CHEY,2024-03-12 19:00:00,13,25.5,3.8,3.6,323,18.7,1.0,6.0,0.0,929.45,835,24.3,3.2
206906,CHEY,2024-03-12 20:00:00,12,26.4,5.8,5.7,312,9.0,1.2,9.2,0.0,928.41,792,24.9,4.3
207026,CHEY,2024-03-12 21:00:00,12,26.1,5.6,5.3,267,16.4,1.1,8.1,0.0,927.67,687,25.2,4.5
207146,CHEY,2024-03-12 22:00:00,11,26.6,3.7,3.5,262,18.1,1.5,8.2,0.0,927.45,529,26.1,3.0
207266,CHEY,2024-03-12 23:00:00,11,26.1,4.9,4.8,291,11.1,1.2,8.0,0.0,927.38,327,25.7,3.9
207386,CHEY,2024-03-13 00:00:00,12,25.0,3.2,3.2,317,7.9,0.4,4.1,0.0,927.48,119,25.1,2.2
207506,CHEY,2024-03-13 01:00:00,18,19.7,2.1,2.1,357,12.3,0.4,3.4,0.0,927.73,0,21.7,0.3
207626,CHEY,2024-03-13 02:00:00,17,19.0,1.6,1.6,2,1.9,0.1,1.9,0.0,928.2,0,20.3,0.3
207746,CHEY,2024-03-13 03:00:00,23,16.1,2.5,2.5,125,9.0,0.4,3.5,0.0,928.51,0,17.8,1.3
207866,CHEY,2024-03-13 04:00:00,22,16.2,2.4,2.4,133,8.0,0.3,3.1,0.0,928.5,0,18.8,1.5
207986,CHEY,2024-03-13 05:00:00,-999,16.5,1.0,1.0,25,5.5,0.2,1.3,0.0,927.7,0,17.3,0.3
208106,CHEY,2024-03-13 06:00:00,30,13.0,1.1,1.0,150,11.1,0.5,2.1,0.0,927.39,0,14.5,1.0
208226,CHEY,2024-03-13 07:00:00,32,11.9,1.6,1.6,125,11.3,0.2,2.0,0.0,926.46,0,13.9,1.4
208346,CHEY,2024-03-13 08:00:00,48,11.9,1.8,1.8,168,2.8,0.2,2.2,0.0,925.84,0,13.7,1.5
208466,CHEY,2024-03-13 09:00:00,61,10.6,3.3,3.3,185,4.4,0.3,4.1,0.0,925.03,0,12.2,1.7
208586,CHEY,2024-03-13 10:00:00,55,12.1,4.4,4.4,190,6.1,0.6,6.0,0.0,924.43,0,13.0,3.1
208706,CHEY,2024-03-13 11:00:00,68,10.8,5.6,5.6,186,4.9,0.5,6.7,0.0,924.08,0,11.4,4.4
208826,CHEY,2024-03-13 12:00:00,74,10.6,7.2,7.1,181,4.8,0.6,8.5,0.0,923.73,0,11.0,5.9
208946,CHEY,2024-03-13 13:00:00,74,10.0,7.5,7.4,184,6.3,0.9,9.7,0.0,923.59,8,10.4,6.4
209066,CHEY,2024-03-13 14:00:00,48,11.4,8.0,8.0,208,7.0,1.2,10.6,0.0,923.88,189,11.4,6.6
209186,CHEY,2024-03-13 15:00:00,33,15.3,6.1,6.0,228,10.8,1.1,8.5,0.0,924.13,398,15.0,5.2
209306,CHEY,2024-03-13 16:00:00,27,18.6,5.8,5.8,199,7.7,0.9,7.7,0.0,923.9,586,17.9,5.2
209426,CHEY,2024-03-13 17:00:00,22,21.5,6.6,6.4,218,11.4,1.0,8.7,0.0,924.12,731,20.8,5.6
209546,CHEY,2024-03-13 18:00:00,19,24.1,7.4,7.3,186,7.7,1.8,11.7,0.0,923.67,813,23.1,6.7
209666,CHEY,2024-03-13 19:00:00,12,26.4,8.7,8.4,238,14.0,1.9,12.6,0.0,922.28,841,25.5,7.2
209786,CHEY,2024-03-13 20:00:00,11,27.1,9.5,9.2,247,13.1,1.9,13.9,0.0,921.21,794,26.4,7.6
209906,CHEY,2024-03-13 21:00:00,12,27.2,10.8,10.6,216,11.9,2.0,14.7,0.0,920.98,692,26.3,9.0
210026,CHEY,2024-03-13 22:00:00,13,27.0,10.0,9.7,214,13.0,2.1,14.0,0.0,921.09,520,26.5,8.5
210146,CHEY,2024-03-13 23:00:00,13,26.4,9.7,9.6,210,10.7,1.8,14.6,0.0,920.84,323,26.2,7.9
210266,CHEY,2024-03-14 00:00:00,14,25.3,7.4,7.3,227,10.1,1.3,10.3,0.0,921.35,122,25.5,6.3
210386,CHEY,2024-03-14 01:00:00,17,22.0,4.8,4.8,194,5.4,0.5,6.2,0.0,921.86,1,23.0,3.5
210506,CHEY,2024-03-14 02:00:00,21,19.1,4.1,4.1,191,6.6,0.4,4.8,0.0,922.12,0,21.1,2.4
210626,CHEY,2024-03-14 03:00:00,18,20.8,4.3,4.3,231,10.2,0.9,6.2,0.0,922.48,0,21.2,3.5
210746,CHEY,2024-03-14 04:00:00,22,18.4,3.5,3.5,232,7.0,0.2,4.1,0.0,922.68,0,19.7,2.2
210866,CHEY,2024-03-14 05:00:00,24,17.2,4.1,4.1,265,9.2,0.4,5.0,0.0,923.32,0,18.2,2.8
210986,CHEY,2024-03-14 06:00:00,27,17.0,5.2,5.2,290,10.0,0.9,7.4,0.0,924.2,0,17.5,3.8
211106,CHEY,2024-03-14 07:00:00,35,14.2,3.4,3.3,328,11.5,0.5,4.4,0.0,924.28,0,15.0,2.0
211226,CHEY,2024-03-14 08:00:00,41,12.6,0.9,0.9,213,9.8,0.2,1.4,0.0,924.4,0,15.2,1.9
211346,CHEY,2024-03-14 09:00:00,41,13.1,1.8,1.8,203,8.2,0.5,3.2,0.0,924.7,0,17.7,2.6
211466,CHEY,2024-03-14 10:00:00,34,15.3,3.6,3.5,247,7.9,0.4,4.6,0.0,925.54,0,15.9,2.5
211586,CHEY,2024-03-14 11:00:00,42,12.8,4.3,4.3,267,7.7,0.7,5.8,0.0,926.42,0,13.5,2.9
211706,CHEY,2024-03-14 12:00:00,50,10.5,5.5,5.4,309,7.2,0.5,7.0,0.0,927.49,0,10.9,4.0
211826,CHEY,2024-03-14 13:00:00,75,7.9,3.9,3.9,331,8.3,0.4,4.7,0.0,928.54,12,8.1,2.8
211946,CHEY,2024-03-14 14:00:00,79,8.4,5.4,5.3,332,7.2,0.6,6.6,0.0,929.38,149,8.1,4.1
212066,CHEY,2024-03-14 15:00:00,74,10.2,4.5,4.3,342,14.9,0.8,5.7,0.0,930.34,460,9.1,3.5
212186,CHEY,2024-03-14 16:00:00,66,12.7,2.5,2.4,336,18.5,0.6,3.8,0.0,930.79,629,11.6,2.0
212306,CHEY,2024-03-14 17:00:00,53,15.5,2.5,2.4,332,18.5,0.6,3.8,0.0,930.97,727,14.5,2.3
212426,CHEY,2024-03-14 18:00:00,43,18.5,2.6,2.5,350,15.1,1.2,4.7,0.0,930.74,687,17.5,2.3
212546,CHEY,2024-03-14 19:00:00,33,20.7,4.3,4.2,299,16.5,1.1,6.2,0.0,930.47,704,19.7,3.6
212666,CHEY,2024-03-14 20:00:00,27,22.6,5.0,4.9,304,10.8,1.2,7.9,0.0,930.14,824,21.2,3.9
212786,CHEY,2024-03-14 21:00:00,29,22.4,7.1,7.0,311,9.0,1.4,9.9,0.0,930.15,757,20.8,5.7
212906,CHEY,2024-03-14 22:00:00,25,22.2,6.7,6.6,312,9.4,1.4,10.0,0.0,930.64,517,20.8,5.3
213026,CHEY,2024-03-14 23:00:00,33,20.8,6.6,6.5,338,9.4,1.1,8.4,0.0,931.21,276,20.0,5.0
213146,CHEY,2024-03-15 00:00:00,35,19.2,6.0,5.8,352,14.3,0.9,7.9,0.0,932.1,122,19.1,4.3
213266,CHEY,2024-03-15 01:00:00,53,15.9,10.9,10.1,5,21.7,1.7,14.3,0.0,933.52,1,15.9,8.2
213386,CHEY,2024-03-15 02:00:00,62,12.6,9.8,8.9,359,23.3,1.4,12.5,0.0,935.06,0,12.8,7.1
213506,CHEY,2024-03-15 03:00:00,69,10.5,7.8,7.3,356,20.3,1.0,10.2,0.0,936.56,0,10.7,5.5
213626,CHEY,2024-03-15 04:00:00,76,9.2,5.5,5.4,354,11.6,0.8,8.5,0.0,937.76,0,9.4,4.1
213746,CHEY,2024-03-15 05:00:00,77,9.4,6.5,6.4,1,12.4,1.4,8.9,0.0,938.22,0,9.4,4.9
213866,CHEY,2024-03-15 06:00:00,80,9.1,5.2,5.0,357,15.9,0.7,6.6,0.0,938.65,0,9.0,3.7
213986,CHEY,2024-03-15 07:00:00,78,8.9,7.3,7.3,20,9.1,1.3,11.1,0.0,938.96,0,8.8,5.6
214106,CHEY,2024-03-15 08:00:00,77,8.9,6.8,6.7,25,7.7,1.2,9.5,0.0,939.61,0,8.8,5.4
214226,CHEY,2024-03-15 09:00:00,75,8.8,10.4,10.3,19,8.0,1.6,13.7,0.0,938.91,0,8.7,7.9
214346,CHEY,2024-03-15 10:00:00,73,7.9,8.1,8.0,15,9.5,1.3,11.6,0.0,938.87,0,8.1,6.2
214466,CHEY,2024-03-15 11:00:00,77,7.3,8.1,8.0,9,8.2,1.4,12.2,0.0,939.73,0,7.4,5.9
214586,CHEY,2024-03-15 12:00:00,78,7.8,9.1,9.1,15,7.3,1.4,11.5,0.0,939.84,0,7.7,6.6
214706,CHEY,2024-03-15 13:00:00,81,7.5,9.2,9.1,20,6.7,1.2,11.5,0.0,940.05,5,7.4,7.1
214826,CHEY,2024-03-15 14:00:00,80,7.8,9.4,9.3,18,9.9,1.4,12.4,0.0,941.19,26,7.6,7.3
214946,CHEY,2024-03-15 15:00:00,80,7.8,7.8,7.7,32,7.3,0.9,9.9,0.0,942.11,78,7.6,6.3
215066,CHEY,2024-03-15 16:00:00,73,8.7,9.2,9.1,42,9.3,1.5,12.1,0.0,942.8,128,8.4,6.6
215186,CHEY,2024-03-15 17:00:00,66,10.0,8.1,8.0,40,9.7,1.4,10.7,0.0,942.58,180,9.5,6.1
215306,CHEY,2024-03-15 18:00:00,59,11.4,8.5,8.4,68,8.7,1.2,10.9,0.0,942.89,311,10.6,5.9
215426,CHEY,2024-03-15 19:00:00,61,11.2,5.2,5.1,89,7.7,1.0,7.5,0.0,943.47,188,10.8,3.7
215546,CHEY,2024-03-15 20:00:00,61,11.1,0.5,0.3,90,45.6,0.3,1.0,0.0,943.67,100,11.0,0.1
215666,CHEY,2024-03-15 21:00:00,59,11.6,1.9,1.8,18,14.0,0.6,3.4,0.0,942.44,179,11.3,1.5
215786,CHEY,2024-03-15 22:00:00,59,11.9,4.4,4.4,36,8.0,0.6,5.5,0.0,940.65,162,11.5,3.5
215906,CHEY,2024-03-15 23:00:00,57,12.4,5.2,5.2,34,8.0,0.8,7.0,0.0,939.7,137,12.0,3.8
216026,CHEY,2024-03-16 00:00:00,54,12.4,5.5,5.4,25,6.5,0.8,6.9,0.0,939.71,62,12.3,4.1
216146,CHEY,2024-03-16 01:00:00,56,11.1,3.9,3.9,29,5.2,0.4,5.1,0.0,939.71,1,11.6,2.5
216266,CHEY,2024-03-16 02:00:00,63,9.1,1.8,1.7,359,13.9,0.2,2.3,0.0,939.86,0,10.1,0.7
216386,CHEY,2024-03-16 03:00:00,64,8.6,2.1,2.1,9,6.3,0.2,2.6,0.0,940.08,0,9.7,0.7
216506,CHEY,2024-03-16 04:00:00,67,7.9,1.3,1.3,327,3.7,0.1,1.5,0.0,940.3,0,9.6,0.0
216626,CHEY,2024-03-16 05:00:00,63,8.3,1.2,1.2,337,5.8,0.0,1.3,0.0,940.38,0,9.6,0.0
216746,CHEY,2024-03-16 06:00:00,67,7.4,1.4,1.4,330,2.6,0.0,1.5,0.0,940.23,0,9.4,0.0
216866,CHEY,2024-03-16 07:00:00,68,7.0,1.4,1.3,328,4.9,0.1,1.5,0.0,939.54,0,8.3,0.0
216986,CHEY,2024-03-16 08:00:00,74,5.4,2.8,2.8,325,2.7,0.3,3.3,0.0,939.2,0,7.0,1.3
217106,CHEY,2024-03-16 09:00:00,75,5.3,1.5,1.5,298,13.5,0.1,1.7,0.0,938.64,0,7.0,1.4
217226,CHEY,2024-03-16 10:00:00,71,6.3,1.5,1.5,316,5.5,0.1,1.7,0.0,938.73,0,8.5,1.0
217346,CHEY,2024-03-16 11:00:00,73,6.5,1.5,1.5,320,4.8,0.2,1.9,0.0,938.84,0,7.7,0.0
217466,CHEY,2024-03-16 12:00:00,82,4.5,1.5,1.5,288,10.3,0.3,2.2,0.0,938.85,0,4.7,0.4
217586,CHEY,2024-03-16 13:00:00,81,5.0,2.4,2.4,347,5.3,0.2,2.9,0.0,937.93,7,5.0,1.6
217706,CHEY,2024-03-16 14:00:00,78,6.3,1.7,1.6,346,18.4,0.7,3.0,0.0,937.59,62,6.1,1.0
217826,CHEY,2024-03-16 15:00:00,67,8.1,0.6,0.5,358,19.3,0.4,1.4,0.0,939.5,17,8.0,0.1
217946,CHEY,2024-03-16 16:00:00,89,6.8,2.5,2.4,353,12.2,0.3,3.2,1.27,938.9,71,6.8,1.8
218066,CHEY,2024-03-16 17:00:00,89,7.4,3.3,3.3,219,7.8,1.1,4.8,1.52,939.47,20,7.2,2.5
218186,CHEY,2024-03-16 18:00:00,89,8.9,1.4,1.4,261,5.2,0.2,1.8,3.81,938.89,155,8.7,1.2
218306,CHEY,2024-03-16 19:00:00,88,10.3,2.5,2.5,327,8.3,0.5,3.7,4.06,938.22,198,9.9,1.8
218426,CHEY,2024-03-16 20:00:00,81,10.5,3.4,3.4,317,9.6,0.5,4.9,4.57,937.31,259,10.1,2.5
218546,CHEY,2024-03-16 21:00:00,79,10.3,2.9,2.9,285,10.9,0.5,4.1,4.57,936.62,173,10.1,2.3
218666,CHEY,2024-03-16 22:00:00,81,10.7,3.5,3.4,300,8.3,0.6,4.5,4.57,935.81,110,10.4,2.6
218786,CHEY,2024-03-16 23:00:00,77,11.3,3.2,3.2,299,9.0,0.5,4.4,4.57,935.78,77,11.1,2.4
218906,CHEY,2024-03-17 00:00:00,77,11.3,3.9,3.9,308,5.0,0.4,4.6,4.57,935.57,35,11.2,2.8
219026,CHEY,2024-03-17 01:00:00,85,10.0,2.6,2.6,327,4.1,0.3,3.5,0.0,935.7,1,10.4,1.5
219146,CHEY,2024-03-17 02:00:00,85,10.0,0.8,0.8,260,1.3,0.1,1.0,0.0,936.21,0,10.1,0.0
219266,CHEY,2024-03-17 03:00:00,86,10.1,1.2,1.2,223,6.7,0.1,1.4,0.0,936.65,0,10.5,0.6
219386,CHEY,2024-03-17 04:00:00,85,10.1,1.5,1.4,284,5.8,0.1,1.7,0.0,936.86,0,10.6,0.1
219506,CHEY,2024-03-17 05:00:00,83,10.2,0.9,0.9,258,4.0,0.1,1.1,0.0,936.76,0,10.4,0.1
219626,CHEY,2024-03-17 06:00:00,84,10.2,2.5,2.5,291,6.8,0.4,3.4,0.0,936.44,0,10.4,1.6
219746,CHEY,2024-03-17 07:00:00,92,9.4,2.9,2.9,320,6.9,0.3,3.8,0.0,936.59,0,9.5,1.8
219866,CHEY,2024-03-17 08:00:00,93,9.2,1.8,1.8,354,9.1,0.3,2.7,0.0,936.42,0,9.5,0.9
219986,CHEY,2024-03-17 09:00:00,84,9.3,4.0,4.0,30,7.2,0.5,5.5,0.25,936.39,0,9.6,3.1
220106,CHEY,2024-03-17 10:00:00,66,8.7,4.7,4.7,46,6.8,0.6,6.4,0.25,936.99,0,8.9,3.2
220226,CHEY,2024-03-17 11:00:00,64,7.6,3.7,3.6,54,6.5,0.5,5.1,0.25,937.47,0,8.0,2.1
220346,CHEY,2024-03-17 12:00:00,64,7.4,3.4,3.4,39,4.0,0.2,4.2,0.25,937.5,0,8.0,2.1
220466,CHEY,2024-03-17 13:00:00,67,6.5,2.9,2.9,5,6.2,0.4,4.1,0.25,938.07,7,7.3,1.8
220586,CHEY,2024-03-17 14:00:00,57,8.5,3.5,3.5,38,5.8,0.5,4.5,0.25,938.51,92,8.4,2.6
220706,CHEY,2024-03-17 15:00:00,45,10.6,5.2,5.1,58,9.7,0.7,6.8,0.25,938.81,416,10.0,3.5
220826,CHEY,2024-03-17 16:00:00,37,12.5,5.5,5.4,51,13.1,1.7,9.2,0.25,939.16,603,11.6,3.9
220946,CHEY,2024-03-17 17:00:00,27,14.1,6.2,6.1,51,13.5,1.0,8.7,0.25,939.56,792,12.9,4.6
221066,CHEY,2024-03-17 18:00:00,25,14.7,5.0,4.6,31,23.8,1.2,8.2,0.25,939.39,834,13.4,4.0
221186,CHEY,2024-03-17 19:00:00,25,15.6,6.8,6.6,30,13.3,1.0,10.0,0.25,938.92,810,14.2,5.4
221306,CHEY,2024-03-17 20:00:00,24,16.1,4.8,4.6,38,19.7,2.0,10.1,0.25,938.18,660,14.9,3.7
221426,CHEY,2024-03-17 21:00:00,23,16.4,6.2,6.0,28,15.1,1.7,9.9,0.25,937.55,718,15.1,4.9
221546,CHEY,2024-03-17 22:00:00,22,16.4,6.1,5.9,28,14.2,1.5,9.1,0.25,936.98,543,15.3,4.9
221666,CHEY,2024-03-17 23:00:00,21,16.0,3.3,3.2,31,14.2,1.2,5.9,0.25,937.41,359,15.4,2.8
221786,CHEY,2024-03-18 00:00:00,25,14.3,4.5,4.3,2,17.3,1.0,6.4,0.25,937.82,117,14.4,3.1
221906,CHEY,2024-03-18 01:00:00,30,12.4,3.0,3.0,23,6.2,0.3,3.6,0.0,938.61,1,13.2,1.7
222026,CHEY,2024-03-18 02:00:00,31,11.5,0.8,0.8,44,7.6,0.2,1.3,0.0,939.24,0,11.8,0.0
222146,CHEY,2024-03-18 03:00:00,38,8.7,2.7,2.7,107,4.3,0.2,3.1,0.0,940.01,0,10.0,1.6
222266,CHEY,2024-03-18 04:00:00,44,7.8,2.8,2.8,117,4.7,0.2,3.3,0.0,940.78,0,9.0,1.5
222386,CHEY,2024-03-18 05:00:00,50,6.1,2.5,2.5,76,7.5,0.4,3.5,0.0,941.57,0,6.8,1.3
222506,CHEY,2024-03-18 06:00:00,52,5.3,0.7,0.7,53,3.4,0.1,0.9,0.0,942.09,0,5.8,0.0
222626,CHEY,2024-03-18 07:00:00,57,4.2,0.9,0.9,342,5.0,0.1,1.1,0.0,942.36,0,5.2,0.0
222746,CHEY,2024-03-18 08:00:00,54,4.4,1.1,1.1,151,7.3,0.1,1.3,0.0,941.95,0,5.3,1.1
222866,CHEY,2024-03-18 09:00:00,58,3.3,0.8,0.8,294,4.6,0.2,1.0,0.0,942.25,0,4.5,1.0
222986,CHEY,2024-03-18 10:00:00,66,2.0,2.2,2.2,318,7.2,0.3,2.9,0.0,942.37,0,3.3,1.1
223106,CHEY,2024-03-18 11:00:00,76,0.1,2.6,2.6,359,5.8,0.1,2.8,0.0,943.35,0,1.2,1.4
223226,CHEY,2024-03-18 12:00:00,76,-0.1,1.2,1.1,1,24.0,0.4,2.0,0.0,944.31,0,0.5,0.6
223346,CHEY,2024-03-18 13:00:00,71,-0.6,2.2,2.1,13,9.3,0.3,3.1,0.0,945.39,19,0.1,1.4
223466,CHEY,2024-03-18 14:00:00,62,1.4,3.2,3.2,43,9.0,0.8,5.1,0.0,946.34,215,1.1,2.5
223586,CHEY,2024-03-18 15:00:00,51,4.2,4.2,4.1,58,11.7,0.8,5.9,0.0,946.89,425,3.3,3.1
223706,CHEY,2024-03-18 16:00:00,44,5.9,3.1,2.9,58,20.3,0.8,4.6,0.0,947.22,613,5.1,2.6
223826,CHEY,2024-03-18 17:00:00,37,7.6,2.7,2.7,68,14.2,1.1,5.2,0.0,947.31,753,6.7,2.2
223946,CHEY,2024-03-18 18:00:00,35,9.4,2.0,1.4,69,45.2,0.5,3.3,0.0,946.78,836,8.5,1.8
224066,CHEY,2024-03-18 19:00:00,31,11.1,1.6,1.3,309,34.8,0.9,3.6,0.0,945.88,861,10.1,1.4
224186,CHEY,2024-03-18 20:00:00,30,11.9,2.6,2.4,15,21.2,1.1,5.3,0.0,944.77,817,11.0,2.1
224306,CHEY,2024-03-18 21:00:00,28,13.1,1.4,1.3,353,24.8,0.5,3.0,0.0,943.86,713,12.4,1.1
224426,CHEY,2024-03-18 22:00:00,25,14.1,1.5,0.8,299,56.0,0.7,3.3,0.0,943.16,552,13.8,1.1
224546,CHEY,2024-03-18 23:00:00,26,14.6,1.1,0.9,253,31.8,0.7,2.9,0.0,942.65,351,14.5,0.9
224666,CHEY,2024-03-19 00:00:00,25,14.3,1.7,1.5,324,27.5,0.6,2.7,0.0,942.47,142,14.2,1.1
224786,CHEY,2024-03-19 01:00:00,39,9.9,3.6,3.6,171,4.7,0.3,4.5,0.0,942.74,2,10.6,2.7
224906,CHEY,2024-03-19 02:00:00,47,7.6,5.1,5.1,187,4.4,0.3,6.0,0.0,942.86,0,8.4,3.7
225026,CHEY,2024-03-19 03:00:00,52,6.7,5.6,5.6,187,5.3,0.5,7.2,0.0,943.06,0,7.4,4.2
225146,CHEY,2024-03-19 04:00:00,54,6.5,5.6,5.5,182,6.9,0.7,7.5,0.0,942.91,0,6.9,4.6
225266,CHEY,2024-03-19 05:00:00,54,6.2,6.8,6.7,187,5.2,0.8,8.7,0.0,942.08,0,6.6,5.5
225386,CHEY,2024-03-19 06:00:00,58,5.4,7.0,7.0,199,5.2,0.8,9.1,0.0,941.52,0,5.6,5.8
225506,CHEY,2024-03-19 07:00:00,61,4.9,8.9,8.9,206,6.0,1.0,11.4,0.0,940.64,0,5.2,7.4
225626,CHEY,2024-03-19 08:00:00,62,4.6,8.9,8.8,213,8.0,1.0,11.1,0.0,940.24,0,4.9,7.3
225746,CHEY,2024-03-19 09:00:00,66,5.0,8.0,8.0,219,7.7,1.0,10.4,0.0,939.48,0,5.3,6.7
225866,CHEY,2024-03-19 10:00:00,70,5.0,8.3,8.2,219,8.4,1.1,10.7,0.0,939.18,0,5.2,6.8
225986,CHEY,2024-03-19 11:00:00,72,4.9,7.9,7.8,215,8.2,0.9,9.7,0.0,939.16,0,5.1,6.6
226106,CHEY,2024-03-19 12:00:00,75,4.7,7.9,7.9,215,7.2,0.8,10.0,0.0,939.18,0,4.9,6.4
226226,CHEY,2024-03-19 13:00:00,77,4.6,6.3,6.3,220,7.6,0.8,8.1,0.0,939.32,22,4.8,5.2
226346,CHEY,2024-03-19 14:00:00,65,7.6,6.2,6.2,226,8.0,1.2,8.5,0.0,939.54,219,7.4,5.2
226466,CHEY,2024-03-19 15:00:00,51,11.6,8.0,7.9,247,10.9,1.4,11.6,0.0,939.25,427,11.3,6.4
226586,CHEY,2024-03-19 16:00:00,41,15.2,7.4,7.2,251,11.9,1.7,10.6,0.0,938.71,611,14.6,6.1
226706,CHEY,2024-03-19 17:00:00,34,17.9,6.9,6.7,244,15.6,1.8,11.3,0.0,938.15,747,17.1,5.5
226826,CHEY,2024-03-19 18:00:00,30,19.8,6.5,6.3,246,15.4,2.0,10.6,0.0,937.14,826,18.8,5.4
226946,CHEY,2024-03-19 19:00:00,28,20.3,7.6,7.3,227,16.3,1.4,10.4,0.0,936.11,846,19.3,6.2
227066,CHEY,2024-03-19 20:00:00,25,21.4,7.1,7.0,254,10.9,1.5,10.9,0.0,934.84,800,20.3,5.7
227186,CHEY,2024-03-19 21:00:00,26,21.4,6.4,6.3,225,10.9,1.2,10.3,0.0,933.98,698,20.6,5.5
227306,CHEY,2024-03-19 22:00:00,26,21.8,7.5,7.4,225,9.5,2.0,11.5,0.0,933.14,539,21.2,6.3
227426,CHEY,2024-03-19 23:00:00,28,21.3,6.9,6.7,214,13.8,0.8,8.5,0.0,932.88,340,21.0,5.7
227546,CHEY,2024-03-20 00:00:00,31,20.4,5.4,5.3,201,10.7,1.1,7.8,0.0,932.67,129,20.7,4.6
227666,CHEY,2024-03-20 01:00:00,38,17.9,5.9,5.8,184,6.2,0.8,7.8,0.0,932.75,2,18.4,4.9
227786,CHEY,2024-03-20 02:00:00,44,15.9,7.5,7.4,182,7.1,0.9,10.1,0.0,932.47,0,16.2,6.5
227906,CHEY,2024-03-20 03:00:00,49,14.5,7.6,7.5,183,7.3,0.9,10.1,0.0,932.85,0,14.9,6.6
228026,CHEY,2024-03-20 04:00:00,52,13.9,8.7,8.6,186,6.5,0.9,11.2,0.0,933.27,0,14.2,7.4
228146,CHEY,2024-03-20 05:00:00,54,13.5,8.2,8.2,196,5.0,1.0,11.2,0.0,933.35,0,13.8,7.0
228266,CHEY,2024-03-20 06:00:00,59,12.4,7.9,7.9,202,5.6,0.8,10.1,0.0,933.18,0,12.8,6.5
228386,CHEY,2024-03-20 07:00:00,64,11.4,7.6,7.6,203,5.3,0.8,9.5,0.0,933.28,0,11.8,6.3
228506,CHEY,2024-03-20 08:00:00,65,11.4,7.6,7.5,207,5.7,0.7,9.2,0.0,933.04,0,11.7,6.1
228626,CHEY,2024-03-20 09:00:00,67,11.1,6.4,6.2,227,10.9,1.0,8.7,0.0,933.16,0,11.4,5.2
228746,CHEY,2024-03-20 10:00:00,73,9.8,4.7,4.7,214,6.3,0.4,5.6,0.0,932.59,0,10.2,3.6
228866,CHEY,2024-03-20 11:00:00,74,9.8,5.0,5.0,206,4.6,0.4,5.9,0.0,932.07,0,10.2,3.7
228986,CHEY,2024-03-20 12:00:00,77,9.2,4.7,4.7,200,5.3,0.4,5.7,0.0,932.34,0,9.7,3.6
229106,CHEY,2024-03-20 13:00:00,79,8.8,3.5,3.5,202,5.6,0.4,4.9,0.0,932.88,19,9.2,2.5
229226,CHEY,2024-03-20 14:00:00,70,11.4,4.0,4.0,228,8.6,0.6,5.6,0.0,933.22,79,11.4,3.5
229346,CHEY,2024-03-20 15:00:00,48,17.0,3.0,2.9,280,13.8,0.6,4.9,0.0,933.36,351,16.6,2.3
229466,CHEY,2024-03-20 16:00:00,38,20.3,2.4,2.2,272,18.8,0.6,3.6,0.0,933.54,650,19.6,1.9
229586,CHEY,2024-03-20 17:00:00,34,21.2,2.7,2.4,223,25.0,1.0,5.0,0.0,933.62,777,20.9,2.3
229706,CHEY,2024-03-20 18:00:00,28,22.2,2.4,1.9,178,35.0,1.1,5.1,0.0,933.19,809,21.8,2.5
229826,CHEY,2024-03-20 19:00:00,28,23.5,4.5,4.4,142,12.3,0.8,6.3,0.0,932.43,822,22.6,4.1
229946,CHEY,2024-03-20 20:00:00,30,23.6,4.9,4.6,166,17.2,2.0,9.0,0.0,931.52,750,22.9,4.4
230066,CHEY,2024-03-20 21:00:00,30,23.8,5.8,5.6,197,11.3,1.6,8.6,0.0,930.79,700,23.0,5.0
230186,CHEY,2024-03-20 22:00:00,30,23.4,6.1,5.9,176,15.9,0.7,8.4,0.0,930.44,377,22.9,5.3
230306,CHEY,2024-03-20 23:00:00,32,22.3,5.0,5.0,174,7.8,0.9,7.0,0.0,930.64,146,22.3,4.3
230426,CHEY,2024-03-21 00:00:00,50,17.7,7.5,7.5,66,6.1,0.9,9.4,0.0,931.17,60,17.6,5.3
230546,CHEY,2024-03-21 01:00:00,69,13.7,4.9,4.9,80,6.0,0.6,6.6,0.0,932.39,2,13.8,3.4
230666,CHEY,2024-03-21 02:00:00,74,12.5,5.6,5.6,117,6.9,0.7,7.2,0.0,933.23,0,12.7,4.7
230786,CHEY,2024-03-21 03:00:00,73,12.2,6.3,6.3,102,5.8,0.8,8.5,0.0,933.45,0,12.5,5.1
230906,CHEY,2024-03-21 04:00:00,78,11.7,4.9,4.8,118,6.7,0.6,6.5,0.0,933.59,0,11.9,4.3
231026,CHEY,2024-03-21 05:00:00,77,12.3,6.4,6.4,126,5.8,0.6,7.5,0.0,933.51,0,12.6,5.5
231146,CHEY,2024-03-21 06:00:00,76,12.1,4.6,4.5,108,7.6,0.6,6.2,0.0,933.5,0,12.4,3.7
231266,CHEY,2024-03-21 07:00:00,79,11.2,2.6,2.6,114,8.8,0.4,3.8,0.0,933.25,0,11.7,1.9
231386,CHEY,2024-03-21 08:00:00,85,10.2,2.4,2.3,40,9.4,0.3,2.8,0.0,933.46,0,10.4,1.7
231506,CHEY,2024-03-21 09:00:00,93,9.3,3.5,3.4,102,8.0,0.5,4.7,0.0,933.27,0,9.4,2.6
231626,CHEY,2024-03-21 10:00:00,90,10.1,4.5,4.5,116,6.6,0.5,5.7,0.0,932.77,0,10.2,3.8
231746,CHEY,2024-03-21 11:00:00,88,11.3,3.9,3.9,114,7.0,0.5,5.2,0.0,932.58,0,11.4,3.2
231866,CHEY,2024-03-21 12:00:00,90,10.3,2.2,2.2,139,9.5,0.4,3.3,0.0,933.23,0,10.6,1.6
231986,CHEY,2024-03-21 13:00:00,90,11.2,4.8,4.7,140,7.1,1.0,7.7,0.0,933.55,5,11.2,4.1
232106,CHEY,2024-03-21 14:00:00,91,11.4,4.0,4.0,138,7.2,0.5,5.3,0.0,933.7,31,11.4,3.4
232226,CHEY,2024-03-21 15:00:00,88,12.6,3.0,3.0,120,10.5,0.3,3.8,0.0,933.63,158,12.1,2.7
232346,CHEY,2024-03-21 16:00:00,81,13.8,3.2,3.1,143,9.5,0.4,4.0,0.0,933.92,198,13.5,2.9
232466,CHEY,2024-03-21 17:00:00,84,14.3,1.0,0.9,62,16.2,0.6,2.0,0.25,933.94,223,14.1,0.7
232586,CHEY,2024-03-21 18:00:00,65,16.0,3.7,3.6,157,9.2,0.6,5.0,0.25,933.17,278,15.7,3.2
232706,CHEY,2024-03-21 19:00:00,71,15.4,2.8,2.8,214,9.8,0.5,4.3,0.51,932.43,143,15.3,2.3
232826,CHEY,2024-03-21 20:00:00,72,15.4,4.4,4.3,171,10.5,0.6,5.5,0.51,931.56,254,15.1,3.8
232946,CHEY,2024-03-21 21:00:00,75,15.2,3.8,3.7,-999,12.1,0.7,5.5,0.51,931.02,215,15.0,3.3
233066,CHEY,2024-03-21 22:00:00,70,15.1,3.4,3.4,206,11.6,0.4,4.2,0.51,930.73,428,14.7,3.2
233186,CHEY,2024-03-21 23:00:00,64,16.0,3.8,3.8,152,8.2,0.5,4.7,0.51,930.31,381,15.4,3.5
233306,CHEY,2024-03-22 00:00:00,68,15.4,4.5,4.4,111,13.6,0.5,5.8,0.51,930.52,126,15.3,3.6
233426,CHEY,2024-03-22 01:00:00,84,12.6,2.1,2.1,109,1.9,0.1,2.4,0.0,931.0,2,13.6,1.0
233546,CHEY,2024-03-22 02:00:00,87,11.3,2.3,2.3,157,4.1,0.2,2.7,0.0,931.94,0,12.7,1.6
233666,CHEY,2024-03-22 03:00:00,90,10.0,3.2,3.2,171,1.3,0.1,3.3,0.0,932.6,0,12.0,2.1
233786,CHEY,2024-03-22 04:00:00,87,10.4,1.1,1.1,165,5.4,0.1,1.3,0.0,932.36,0,11.8,1.5
233906,CHEY,2024-03-22 05:00:00,91,8.9,1.5,1.5,161,10.7,0.1,2.0,0.0,932.14,0,10.0,1.4
234026,CHEY,2024-03-22 06:00:00,97,8.7,1.8,1.8,143,5.1,0.1,2.3,0.0,932.15,0,10.1,1.4
234146,CHEY,2024-03-22 07:00:00,98,9.3,1.5,1.5,185,7.2,0.1,1.7,0.0,932.08,0,10.2,1.5
234266,CHEY,2024-03-22 08:00:00,98,9.5,0.5,0.5,124,4.7,0.3,0.9,0.0,931.74,0,10.2,0.8
234386,CHEY,2024-03-22 09:00:00,99,8.0,0.6,0.6,287,0.1,0.1,0.8,0.0,931.32,0,10.2,1.2
234506,CHEY,2024-03-22 10:00:00,99,8.0,1.5,1.5,265,1.3,0.1,1.8,0.25,931.15,0,10.0,1.4
234626,CHEY,2024-03-22 11:00:00,99,4.3,0.6,0.6,314,14.6,0.2,0.8,0.25,931.77,0,4.8,0.1
234746,CHEY,2024-03-22 12:00:00,99,3.8,1.2,1.2,292,3.5,0.2,1.7,0.25,932.08,0,4.6,0.3
234866,CHEY,2024-03-22 13:00:00,99,5.0,2.9,2.7,346,18.4,0.6,4.4,0.25,933.54,15,4.9,2.2
234986,CHEY,2024-03-22 14:00:00,99,6.6,2.9,2.8,325,10.8,0.4,4.0,0.25,934.04,106,6.3,2.3
235106,CHEY,2024-03-22 15:00:00,99,10.9,3.6,3.5,331,7.3,0.3,4.5,0.25,934.06,446,11.1,2.7
235226,CHEY,2024-03-22 16:00:00,66,13.7,8.5,8.2,350,15.3,1.4,11.1,0.25,935.01,577,12.8,6.5
235346,CHEY,2024-03-22 17:00:00,46,15.2,10.3,9.8,355,17.7,1.4,13.1,0.25,935.54,776,13.9,7.7
235466,CHEY,2024-03-22 18:00:00,39,17.5,9.8,9.3,355,17.7,1.9,13.6,0.25,935.64,837,16.0,7.6
235586,CHEY,2024-03-22 19:00:00,35,18.2,10.7,9.9,1,22.9,1.9,14.4,0.25,935.97,850,16.6,7.9
235706,CHEY,2024-03-22 20:00:00,31,19.2,9.2,9.1,18,10.5,2.3,14.6,0.25,935.41,806,17.7,7.0
235826,CHEY,2024-03-22 21:00:00,31,18.8,9.6,9.5,34,8.5,1.9,13.0,0.25,935.36,698,17.4,7.8
235946,CHEY,2024-03-22 22:00:00,31,18.0,8.8,8.6,42,12.2,1.1,10.6,0.25,935.66,542,16.8,6.1
236066,CHEY,2024-03-22 23:00:00,32,17.2,8.1,7.9,26,13.4,1.3,10.8,0.25,936.17,350,16.5,6.4
236186,CHEY,2024-03-23 00:00:00,36,15.5,7.0,7.0,28,8.9,1.1,9.2,0.25,937.2,134,15.3,5.5
236306,CHEY,2024-03-23 01:00:00,44,12.7,5.1,5.1,36,6.2,0.8,7.0,0.0,937.95,3,13.1,3.7
236426,CHEY,2024-03-23 02:00:00,51,10.4,5.1,5.1,47,7.9,0.8,6.8,0.0,938.57,0,10.9,3.2
236546,CHEY,2024-03-23 03:00:00,60,8.2,2.9,2.9,46,6.3,0.3,3.5,0.0,939.95,0,9.0,1.7
236666,CHEY,2024-03-23 04:00:00,66,6.7,3.7,3.7,22,4.2,0.2,4.4,0.0,940.55,0,7.8,2.0
236786,CHEY,2024-03-23 05:00:00,74,5.0,3.8,3.7,20,7.4,0.4,4.6,0.0,940.81,0,6.1,2.1
236906,CHEY,2024-03-23 06:00:00,76,4.2,1.5,1.5,350,5.2,0.1,1.8,0.0,941.19,0,5.0,0.9
237026,CHEY,2024-03-23 07:00:00,79,3.6,3.9,3.8,26,5.6,0.4,4.8,0.0,941.0,0,4.4,2.4
237146,CHEY,2024-03-23 08:00:00,82,2.4,3.5,3.5,42,5.2,0.3,4.1,0.0,940.56,0,3.2,2.1
237266,CHEY,2024-03-23 09:00:00,85,1.2,2.2,2.2,57,5.4,0.3,2.8,0.0,940.0,0,1.9,0.8
237386,CHEY,2024-03-23 10:00:00,90,0.0,2.9,2.9,48,4.0,0.2,3.3,0.0,939.33,0,0.6,1.5
237506,CHEY,2024-03-23 11:00:00,90,-0.2,3.5,3.5,39,5.1,0.4,4.3,0.0,939.75,0,0.3,2.2
237626,CHEY,2024-03-23 12:00:00,93,-1.3,2.6,2.6,59,3.7,0.2,3.1,0.0,940.22,0,-0.7,1.1
237746,CHEY,2024-03-23 13:00:00,95,-1.2,2.2,2.1,56,6.6,0.3,2.9,0.0,940.58,36,-1.0,1.1
237866,CHEY,2024-03-23 14:00:00,90,0.5,1.9,1.8,42,10.9,0.3,2.6,0.0,941.66,154,0.2,1.7
237986,CHEY,2024-03-23 15:00:00,84,1.8,3.0,2.9,87,13.5,0.5,3.9,0.0,941.36,311,1.2,2.4
238106,CHEY,2024-03-23 16:00:00,77,3.2,2.3,2.3,86,13.5,0.6,3.7,0.0,941.24,455,2.6,2.1
238226,CHEY,2024-03-23 17:00:00,68,6.1,3.5,3.2,91,25.4,1.3,6.8,0.0,940.22,754,5.1,3.2
238346,CHEY,2024-03-23 18:00:00,51,10.2,3.8,3.7,128,12.6,1.3,5.9,0.0,939.11,862,9.1,3.5
238466,CHEY,2024-03-23 19:00:00,45,12.1,6.7,6.6,165,10.7,1.0,8.6,0.0,937.35,822,11.0,6.0
238586,CHEY,2024-03-23 20:00:00,45,13.4,5.0,4.8,171,15.9,1.5,7.9,0.0,936.04,742,12.3,4.6
238706,CHEY,2024-03-23 21:00:00,40,14.8,7.5,7.4,155,9.8,1.1,10.3,0.0,933.98,595,14.1,6.8
238826,CHEY,2024-03-23 22:00:00,45,13.6,8.0,7.8,159,9.5,1.1,10.3,0.0,932.97,280,13.2,6.8
238946,CHEY,2024-03-23 23:00:00,53,12.9,8.2,8.1,162,8.4,1.4,11.3,0.0,931.97,152,12.7,7.4
239066,CHEY,2024-03-24 00:00:00,60,12.1,8.0,7.9,165,9.9,1.3,11.0,0.0,931.18,46,12.1,6.9
239186,CHEY,2024-03-24 01:00:00,69,10.9,8.3,8.3,173,6.1,1.5,12.1,0.0,931.14,0,11.0,7.3
239306,CHEY,2024-03-24 02:00:00,76,10.1,7.5,7.4,168,6.9,1.3,10.1,0.0,930.43,0,10.1,6.3
239426,CHEY,2024-03-24 03:00:00,80,9.9,6.9,6.8,170,7.4,1.1,9.2,0.0,930.1,0,9.9,5.7
239546,CHEY,2024-03-24 04:00:00,80,10.1,8.6,8.6,165,7.1,1.6,11.8,0.0,928.53,0,10.1,7.6
239666,CHEY,2024-03-24 05:00:00,81,10.2,7.8,7.7,167,7.9,1.2,10.4,0.0,927.27,0,10.2,6.7
239786,CHEY,2024-03-24 06:00:00,82,11.4,9.6,9.5,170,7.6,1.5,13.3,0.0,925.76,0,11.5,8.4
239906,CHEY,2024-03-24 07:00:00,84,12.0,12.2,12.1,172,7.2,2.0,17.4,0.0,924.99,0,12.0,10.6
240026,CHEY,2024-03-24 08:00:00,87,12.3,13.3,13.2,171,7.4,1.8,17.7,0.0,924.14,0,12.3,11.6
240146,CHEY,2024-03-24 09:00:00,90,12.2,12.2,12.1,173,7.4,2.0,15.6,0.0,923.0,0,12.1,10.6
240266,CHEY,2024-03-24 10:00:00,89,12.4,13.2,13.1,169,7.2,1.6,16.7,0.0,922.21,0,12.4,11.6
240386,CHEY,2024-03-24 11:00:00,88,12.7,11.6,11.5,168,7.7,1.6,17.5,0.0,921.97,0,12.7,10.2
240506,CHEY,2024-03-24 12:00:00,89,12.7,10.7,10.6,166,8.2,2.0,15.3,0.0,921.75,0,12.7,9.3
240626,CHEY,2024-03-24 13:00:00,89,12.7,11.0,10.9,166,8.2,1.7,16.5,0.0,921.23,4,12.6,9.6
240746,CHEY,2024-03-24 14:00:00,87,12.9,13.5,13.4,165,6.8,1.8,18.5,0.0,921.05,48,12.8,11.7
240866,CHEY,2024-03-24 15:00:00,84,13.1,12.3,12.2,168,7.5,1.8,16.6,0.0,920.3,65,13.0,10.8
240986,CHEY,2024-03-24 16:00:00,72,14.1,14.1,13.9,171,8.4,1.5,17.9,0.0,919.12,210,13.8,12.3
241106,CHEY,2024-03-24 17:00:00,67,14.0,13.5,13.4,167,8.0,1.9,19.1,0.0,918.33,178,13.8,11.7
241226,CHEY,2024-03-24 18:00:00,64,13.9,12.7,12.6,167,8.0,1.6,15.5,0.0,917.57,245,13.6,10.9
241346,CHEY,2024-03-24 19:00:00,51,17.6,12.3,12.2,172,7.9,1.9,16.7,0.0,916.14,756,16.7,11.0
241466,CHEY,2024-03-24 20:00:00,49,19.2,12.6,12.5,160,8.4,2.5,19.0,0.0,914.09,860,18.2,11.4
241586,CHEY,2024-03-24 21:00:00,63,16.4,8.1,8.0,172,9.7,1.3,12.2,0.25,913.66,8,16.7,6.6
241706,CHEY,2024-03-24 22:00:00,81,15.3,6.7,6.6,150,9.9,1.0,10.0,1.27,912.5,493,14.9,5.8
241826,CHEY,2024-03-24 23:00:00,60,16.6,8.5,8.4,166,7.4,1.8,13.2,1.27,911.47,196,16.5,7.3
241946,CHEY,2024-03-25 00:00:00,60,16.5,8.4,8.4,176,7.2,0.9,10.6,1.27,912.15,62,16.7,7.3
242066,CHEY,2024-03-25 01:00:00,70,15.2,5.5,5.4,181,9.1,0.9,7.5,0.0,913.19,3,15.4,4.7
242186,CHEY,2024-03-25 02:00:00,30,16.4,4.2,4.2,237,10.9,0.9,6.2,0.0,912.69,0,16.9,3.1
242306,CHEY,2024-03-25 03:00:00,35,15.1,3.8,3.7,171,14.0,0.7,5.4,0.0,913.37,0,15.8,2.9
242426,CHEY,2024-03-25 04:00:00,48,13.5,4.6,4.6,171,5.4,0.4,5.5,0.0,913.61,0,14.0,3.6
242546,CHEY,2024-03-25 05:00:00,24,14.5,6.0,5.9,211,7.4,1.3,10.4,0.0,914.26,0,15.0,4.6
242666,CHEY,2024-03-25 06:00:00,27,13.2,5.5,5.5,206,6.2,0.7,7.2,0.0,914.37,0,13.7,4.4
242786,CHEY,2024-03-25 07:00:00,30,12.4,8.2,8.1,207,7.5,1.3,11.3,0.0,914.27,0,13.0,6.6
242906,CHEY,2024-03-25 08:00:00,34,10.9,6.3,6.2,196,6.3,0.7,7.7,0.0,914.15,0,11.5,4.9
243026,CHEY,2024-03-25 09:00:00,41,9.4,6.0,6.0,202,6.2,0.7,7.9,0.0,913.62,0,9.9,4.8
243146,CHEY,2024-03-25 10:00:00,48,7.6,5.5,5.5,201,6.4,0.6,6.9,0.0,913.51,0,8.2,4.3
243266,CHEY,2024-03-25 11:00:00,75,5.9,10.5,10.4,313,6.6,1.2,13.9,0.0,915.27,0,5.9,7.8
243386,CHEY,2024-03-25 12:00:00,76,3.7,9.8,9.8,322,6.5,1.3,12.4,0.0,917.16,0,3.5,7.3
243506,CHEY,2024-03-25 13:00:00,76,2.3,9.4,9.3,316,7.1,1.2,12.0,0.0,917.85,27,2.2,7.1
243626,CHEY,2024-03-25 14:00:00,72,2.0,8.9,8.9,334,7.2,1.2,11.2,0.0,919.5,76,1.7,6.5
243746,CHEY,2024-03-25 15:00:00,71,1.8,10.0,9.9,333,7.3,1.9,14.2,0.0,919.99,166,1.2,7.4
243866,CHEY,2024-03-25 16:00:00,58,3.7,11.1,10.9,328,8.4,1.4,13.7,0.0,920.97,596,2.1,8.1
243986,CHEY,2024-03-25 17:00:00,65,2.2,9.2,9.1,327,8.3,1.3,12.3,0.0,921.21,400,1.1,6.6
244106,CHEY,2024-03-25 18:00:00,55,3.4,9.4,9.2,315,9.6,1.9,12.9,0.0,920.82,499,2.3,7.2
244226,CHEY,2024-03-25 19:00:00,58,2.0,9.6,9.6,318,5.2,1.2,12.6,0.0,921.66,246,1.2,7.4
244346,CHEY,2024-03-25 20:00:00,54,2.4,8.2,8.0,320,10.8,1.5,12.6,0.0,921.65,206,1.8,6.2
244466,CHEY,2024-03-25 21:00:00,52,2.1,10.5,10.4,321,7.8,1.6,14.3,0.0,922.33,204,1.4,7.7
244586,CHEY,2024-03-25 22:00:00,55,2.0,10.3,10.2,314,8.4,1.3,13.4,0.0,922.96,388,1.2,7.7
244706,CHEY,2024-03-25 23:00:00,59,1.2,10.0,9.9,314,7.9,1.6,14.6,0.0,923.7,108,1.0,7.4
244826,CHEY,2024-03-26 00:00:00,59,1.0,9.9,9.8,317,6.6,1.6,13.6,0.0,924.79,57,0.8,7.3
244946,CHEY,2024-03-26 01:00:00,65,0.3,7.8,7.7,324,8.8,1.1,10.8,0.0,925.54,1,0.3,5.9
245066,CHEY,2024-03-26 02:00:00,64,0.2,9.2,9.1,328,5.7,1.5,12.3,0.0,926.14,0,0.2,6.5
245186,CHEY,2024-03-26 03:00:00,67,-0.1,8.9,8.8,327,8.2,1.4,11.7,0.0,926.74,0,-0.2,6.4
245306,CHEY,2024-03-26 04:00:00,68,-0.3,9.5,9.4,328,6.4,1.5,12.8,0.0,927.67,0,-0.2,6.8
245426,CHEY,2024-03-26 05:00:00,67,0.4,9.9,9.8,322,8.6,1.6,12.9,0.0,928.15,0,0.3,7.3
245546,CHEY,2024-03-26 06:00:00,66,-0.8,10.1,10.1,329,5.0,1.1,12.4,0.0,928.53,0,-0.6,7.4
245666,CHEY,2024-03-26 07:00:00,67,-1.3,7.2,7.0,332,13.3,0.9,8.9,0.0,929.19,0,-1.1,5.2
245786,CHEY,2024-03-26 08:00:00,69,-2.0,6.1,6.1,330,6.2,0.7,7.8,0.0,929.38,0,-1.7,4.0
245906,CHEY,2024-03-26 09:00:00,73,-2.1,5.9,5.9,339,7.5,0.7,7.6,0.0,929.45,0,-1.9,4.0
246026,CHEY,2024-03-26 10:00:00,74,-2.6,3.8,3.7,338,8.5,0.7,5.5,0.0,929.45,0,-2.2,2.4
246146,CHEY,2024-03-26 11:00:00,69,-2.4,6.5,6.5,325,5.9,0.8,8.3,0.0,930.56,0,-2.2,4.6
246266,CHEY,2024-03-26 12:00:00,64,-2.8,5.6,5.5,328,6.5,0.7,7.4,0.0,931.27,0,-2.6,3.7
246386,CHEY,2024-03-26 13:00:00,61,-2.6,7.1,7.0,328,6.4,0.8,9.0,0.0,931.79,28,-2.6,4.9
246506,CHEY,2024-03-26 14:00:00,55,-1.3,7.2,7.1,339,7.0,1.4,10.5,0.0,932.68,213,-1.8,5.6
246626,CHEY,2024-03-26 15:00:00,49,0.7,7.2,7.1,342,11.3,1.3,9.8,0.0,932.54,459,-0.3,5.4
246746,CHEY,2024-03-26 16:00:00,43,2.2,7.2,7.1,342,10.1,1.1,9.5,0.0,932.75,597,1.0,5.6
246866,CHEY,2024-03-26 17:00:00,37,4.7,5.4,5.3,328,10.0,1.0,7.8,0.0,933.12,797,3.3,4.1
246986,CHEY,2024-03-26 18:00:00,31,6.7,5.2,5.0,330,19.1,1.0,7.6,0.0,933.1,876,5.1,4.1
247106,CHEY,2024-03-26 19:00:00,30,8.6,5.2,5.1,312,13.8,0.9,7.8,0.0,932.58,798,7.1,4.2
247226,CHEY,2024-03-26 20:00:00,28,9.6,6.4,6.3,333,7.2,1.1,8.6,0.0,932.31,634,7.9,4.9
247346,CHEY,2024-03-26 21:00:00,27,11.2,3.7,3.5,13,19.1,1.3,7.6,0.0,931.92,743,9.9,2.9
247466,CHEY,2024-03-26 22:00:00,27,11.3,3.5,3.3,352,18.3,0.9,5.9,0.0,931.85,600,10.3,2.8
247586,CHEY,2024-03-26 23:00:00,27,11.0,3.3,3.1,33,15.2,1.0,5.3,0.0,931.5,390,10.3,2.3
247706,CHEY,2024-03-27 00:00:00,29,9.7,4.2,4.1,46,8.2,0.9,6.1,0.0,931.86,161,9.5,2.6
247826,CHEY,2024-03-27 01:00:00,37,6.5,3.5,3.5,69,5.0,0.2,4.2,0.0,932.41,3,7.5,1.3
247946,CHEY,2024-03-27 02:00:00,42,4.5,3.7,3.7,93,5.7,0.4,4.9,0.0,933.22,0,5.3,2.1
248066,CHEY,2024-03-27 03:00:00,44,4.2,4.2,4.2,105,6.3,0.6,6.1,0.0,934.04,0,4.6,3.0
248186,CHEY,2024-03-27 04:00:00,51,3.0,3.9,3.9,121,4.9,0.4,4.8,0.0,934.49,0,3.5,2.8
248306,CHEY,2024-03-27 05:00:00,48,3.4,4.7,4.7,125,6.3,0.5,5.8,0.0,934.63,0,3.7,3.7
248426,CHEY,2024-03-27 06:00:00,54,2.3,3.6,3.6,138,3.7,0.3,4.3,0.0,935.04,0,3.3,2.3
248546,CHEY,2024-03-27 07:00:00,54,2.8,2.5,2.4,136,5.3,0.2,3.1,0.0,935.2,0,3.1,1.2
248666,CHEY,2024-03-27 08:00:00,56,3.3,3.3,3.3,143,7.4,0.6,5.0,0.0,935.53,0,3.3,2.4
248786,CHEY,2024-03-27 09:00:00,73,1.8,2.3,2.3,97,8.1,0.5,3.7,0.25,934.78,0,2.5,0.5
248906,CHEY,2024-03-27 10:00:00,83,0.7,1.5,1.5,44,4.7,0.2,2.1,0.25,935.13,0,0.9,0.0
249026,CHEY,2024-03-27 11:00:00,80,1.1,1.6,1.5,58,6.4,0.2,2.0,0.25,935.33,0,1.1,0.0
249146,CHEY,2024-03-27 12:00:00,80,1.0,2.0,2.0,69,7.6,0.3,2.7,0.25,936.04,0,1.1,0.4
249266,CHEY,2024-03-27 13:00:00,78,1.2,0.4,0.4,66,9.7,0.3,0.9,0.25,936.85,6,1.2,0.0
249386,CHEY,2024-03-27 14:00:00,79,1.7,2.5,2.5,62,7.2,0.5,3.3,0.25,937.41,50,1.5,1.2
249506,CHEY,2024-03-27 15:00:00,77,2.1,3.8,3.7,78,13.5,0.6,5.2,0.51,938.34,133,1.8,2.5
249626,CHEY,2024-03-27 16:00:00,73,3.0,3.4,3.4,88,12.5,0.7,4.8,0.51,939.28,177,2.6,2.6
249746,CHEY,2024-03-27 17:00:00,61,5.1,5.7,5.7,114,9.4,0.6,7.4,0.51,939.57,336,4.4,4.8
249866,CHEY,2024-03-27 18:00:00,55,6.5,6.1,6.0,103,11.3,1.1,9.1,0.51,939.33,515,5.5,4.7
249986,CHEY,2024-03-27 19:00:00,53,7.0,5.2,5.1,101,9.0,1.1,7.9,0.51,939.2,341,6.1,4.2
250106,CHEY,2024-03-27 20:00:00,55,8.0,5.5,5.4,96,9.0,0.8,7.3,0.51,939.1,752,6.6,4.5
250226,CHEY,2024-03-27 21:00:00,55,7.8,4.3,4.2,98,12.1,0.5,5.8,0.51,939.33,667,6.8,3.5
250346,CHEY,2024-03-27 22:00:00,52,8.9,2.9,2.7,120,22.0,1.2,5.2,0.51,939.24,567,8.2,2.2
250466,CHEY,2024-03-27 23:00:00,50,9.1,2.6,2.4,133,24.1,1.0,5.2,0.51,939.47,358,8.7,2.1
250586,CHEY,2024-03-28 00:00:00,56,8.4,2.4,2.3,151,16.2,0.4,3.2,0.51,939.82,152,8.3,1.8
250706,CHEY,2024-03-28 01:00:00,64,6.4,2.1,2.1,163,3.1,0.1,2.6,0.0,940.18,4,7.1,1.2
250826,CHEY,2024-03-28 02:00:00,76,4.0,2.7,2.6,153,6.8,0.2,3.4,0.0,940.07,0,5.2,1.6
250946,CHEY,2024-03-28 03:00:00,81,3.7,3.6,3.6,180,4.5,0.2,4.1,0.0,940.94,0,4.6,2.4
251066,CHEY,2024-03-28 04:00:00,80,3.2,4.6,4.6,174,3.1,0.2,5.1,0.0,940.43,0,3.8,3.3
251186,CHEY,2024-03-28 05:00:00,81,2.9,4.7,4.7,181,2.7,0.2,5.0,0.0,940.76,0,4.0,3.1
251306,CHEY,2024-03-28 06:00:00,81,3.0,4.4,4.3,194,5.8,0.5,5.3,0.0,940.88,0,3.6,2.9
251426,CHEY,2024-03-28 07:00:00,88,2.4,6.1,6.1,198,4.3,0.5,7.1,0.0,941.16,0,2.7,4.7
251546,CHEY,2024-03-28 08:00:00,88,2.0,6.4,6.4,199,3.8,0.4,7.1,0.0,940.62,0,2.4,4.9
251666,CHEY,2024-03-28 09:00:00,81,2.4,6.4,6.4,201,2.9,0.4,7.3,0.0,940.09,0,3.0,4.8
251786,CHEY,2024-03-28 10:00:00,81,2.3,6.4,6.4,210,6.3,0.5,7.6,0.0,940.16,0,2.7,5.0
251906,CHEY,2024-03-28 11:00:00,80,2.2,6.0,6.0,211,6.2,0.6,7.4,0.0,940.4,0,2.6,4.7
252026,CHEY,2024-03-28 12:00:00,77,2.7,5.6,5.6,210,8.3,0.7,7.9,0.0,940.1,0,3.0,4.3
252146,CHEY,2024-03-28 13:00:00,72,3.6,7.4,7.3,212,7.0,0.7,9.1,0.0,939.98,56,3.8,5.9
252266,CHEY,2024-03-28 14:00:00,65,5.8,6.7,6.7,215,8.5,0.7,8.1,0.0,940.35,244,5.5,5.6
252386,CHEY,2024-03-28 15:00:00,56,8.9,5.3,5.2,199,10.2,1.3,8.6,0.0,940.31,472,8.1,4.7
252506,CHEY,2024-03-28 16:00:00,53,11.2,7.7,7.6,202,8.6,1.1,10.6,0.0,940.23,654,10.1,6.5
252626,CHEY,2024-03-28 17:00:00,47,14.2,7.9,7.8,191,10.3,1.2,11.4,0.0,939.66,791,13.0,7.0
252746,CHEY,2024-03-28 18:00:00,42,15.9,9.2,9.1,192,7.4,1.2,11.5,0.0,938.47,871,14.5,7.9
252866,CHEY,2024-03-28 19:00:00,37,17.2,7.7,7.6,176,10.7,1.3,10.1,0.0,937.38,886,16.0,6.9
252986,CHEY,2024-03-28 20:00:00,34,18.5,9.4,9.2,180,9.1,1.3,13.1,0.0,936.14,836,17.3,8.3
253106,CHEY,2024-03-28 21:00:00,34,19.0,9.5,9.2,171,12.1,1.4,13.0,0.0,935.01,723,18.0,8.4
253226,CHEY,2024-03-28 22:00:00,34,19.5,10.2,10.1,181,7.8,1.4,13.2,0.0,934.32,564,18.6,8.9
253346,CHEY,2024-03-28 23:00:00,33,19.5,9.3,9.2,168,9.0,1.8,13.3,0.0,933.5,367,19.1,8.2
253466,CHEY,2024-03-29 00:00:00,35,18.7,9.8,9.6,160,8.9,1.2,13.5,0.0,932.71,160,18.7,8.4
253586,CHEY,2024-03-29 01:00:00,38,17.1,6.9,6.8,157,8.9,1.0,8.9,0.0,932.32,5,17.4,5.9
253706,CHEY,2024-03-29 02:00:00,43,15.4,8.2,8.1,157,8.1,1.4,12.1,0.0,932.09,0,15.8,7.0
253826,CHEY,2024-03-29 03:00:00,48,14.1,8.4,8.4,166,7.2,1.2,11.2,0.0,932.23,0,14.4,7.3
253946,CHEY,2024-03-29 04:00:00,47,14.1,8.4,8.3,170,6.7,1.3,11.1,0.0,932.14,0,14.4,7.2
254066,CHEY,2024-03-29 05:00:00,49,14.0,10.1,9.9,173,9.0,1.2,12.8,0.0,931.34,0,14.3,8.5
254186,CHEY,2024-03-29 06:00:00,53,13.0,9.2,9.1,177,7.0,1.1,11.7,0.0,931.45,0,13.3,7.8
254306,CHEY,2024-03-29 07:00:00,56,11.6,8.1,8.0,186,8.0,1.0,10.3,0.0,931.0,0,11.9,6.8
254426,CHEY,2024-03-29 08:00:00,57,11.3,9.5,9.5,190,6.0,1.1,12.4,0.0,930.34,0,11.6,7.9
254546,CHEY,2024-03-29 09:00:00,62,10.4,8.8,8.7,186,7.1,1.0,10.6,0.0,929.63,0,10.6,7.4
254666,CHEY,2024-03-29 10:00:00,66,10.1,9.2,9.1,184,6.6,1.0,11.4,0.0,929.08,0,10.3,7.9
254786,CHEY,2024-03-29 11:00:00,69,9.8,9.2,9.2,179,6.4,1.1,11.6,0.0,928.67,0,10.0,7.8
254906,CHEY,2024-03-29 12:00:00,71,9.5,9.0,9.0,179,6.5,1.1,11.1,0.0,928.59,0,9.7,7.8
255026,CHEY,2024-03-29 13:00:00,72,9.7,8.9,8.8,182,6.0,1.0,11.2,0.0,928.53,32,9.8,7.5
255146,CHEY,2024-03-29 14:00:00,69,10.7,9.5,9.4,188,8.0,1.3,12.9,0.0,928.33,99,10.6,8.1
255266,CHEY,2024-03-29 15:00:00,65,11.9,11.9,11.8,186,5.9,1.3,14.8,0.0,928.0,142,11.7,10.2
255386,CHEY,2024-03-29 16:00:00,61,13.8,9.9,9.8,193,7.4,1.6,13.5,0.0,928.54,241,13.5,8.5
255506,CHEY,2024-03-29 17:00:00,57,15.4,11.1,11.1,186,6.9,1.6,15.2,0.0,928.38,196,15.2,9.4
255626,CHEY,2024-03-29 18:00:00,55,16.4,10.2,10.1,195,8.4,1.6,13.8,0.0,928.27,185,16.2,8.7
255746,CHEY,2024-03-29 19:00:00,58,16.9,9.3,9.2,190,8.3,1.7,12.5,0.0,928.05,289,16.5,7.9
255866,CHEY,2024-03-29 20:00:00,50,18.6,9.3,9.2,186,8.0,1.4,13.1,0.0,927.56,299,18.4,8.2
255986,CHEY,2024-03-29 21:00:00,48,19.6,8.5,8.4,179,7.3,1.2,11.8,0.0,927.31,274,19.4,7.3
256106,CHEY,2024-03-29 22:00:00,47,19.6,9.4,9.4,173,7.2,1.4,12.8,0.0,926.95,235,19.4,8.2
256226,CHEY,2024-03-29 23:00:00,48,20.3,9.1,9.0,169,8.4,1.3,12.6,0.0,926.77,435,19.8,7.9
256346,CHEY,2024-03-30 00:00:00,49,20.2,9.9,9.8,174,7.4,1.0,12.3,0.0,926.41,160,20.2,8.4
256466,CHEY,2024-03-30 01:00:00,56,18.7,8.2,8.1,183,6.5,1.2,10.4,0.0,926.52,6,19.1,7.1
256586,CHEY,2024-03-30 02:00:00,59,17.8,9.1,9.0,179,6.6,1.1,11.6,0.0,926.66,0,18.1,7.7
256706,CHEY,2024-03-30 03:00:00,62,17.3,8.3,8.2,181,5.8,1.0,11.1,0.0,927.58,0,17.7,7.2
256826,CHEY,2024-03-30 04:00:00,65,16.6,7.8,7.7,183,7.0,1.0,10.3,0.0,927.91,0,17.1,6.4
256946,CHEY,2024-03-30 05:00:00,70,15.4,6.7,6.7,184,5.8,0.7,8.7,0.0,928.28,0,15.9,5.5
257066,CHEY,2024-03-30 06:00:00,71,15.2,7.6,7.5,196,5.4,0.9,9.7,0.0,928.23,0,15.7,6.1
257186,CHEY,2024-03-30 07:00:00,70,15.3,7.6,7.5,201,6.3,0.7,9.5,0.0,928.19,0,15.8,5.9
257306,CHEY,2024-03-30 08:00:00,70,15.1,7.8,7.8,198,5.2,1.0,9.9,0.0,927.91,0,15.6,6.2
257426,CHEY,2024-03-30 09:00:00,75,13.9,3.7,1.5,269,62.0,1.2,6.3,0.0,928.2,0,14.3,2.6
257546,CHEY,2024-03-30 10:00:00,85,11.0,4.1,4.1,191,2.0,0.2,4.5,0.0,928.29,0,12.9,2.5
257666,CHEY,2024-03-30 11:00:00,90,8.6,3.9,3.9,303,7.6,0.5,4.7,0.0,929.03,0,9.5,2.3
257786,CHEY,2024-03-30 12:00:00,85,5.9,4.4,4.4,324,5.8,0.3,5.3,0.0,929.69,0,6.6,2.7
257906,CHEY,2024-03-30 13:00:00,95,6.3,3.7,3.6,1,15.3,0.5,4.6,0.0,930.95,41,6.5,2.5
258026,CHEY,2024-03-30 14:00:00,87,7.7,5.3,5.2,358,13.9,0.7,6.9,0.0,931.46,120,7.3,3.9
258146,CHEY,2024-03-30 15:00:00,82,8.4,5.6,5.5,357,13.2,0.7,7.1,0.0,932.21,215,7.6,4.0
258266,CHEY,2024-03-30 16:00:00,74,10.2,4.9,4.8,360,14.4,0.9,6.9,0.0,933.04,398,9.2,3.6
258386,CHEY,2024-03-30 17:00:00,65,12.9,5.3,5.2,348,10.0,0.8,7.4,0.0,932.97,819,11.4,4.3
258506,CHEY,2024-03-30 18:00:00,58,14.9,2.3,2.1,6,23.1,1.1,4.2,0.0,932.66,919,14.3,1.6
258626,CHEY,2024-03-30 19:00:00,49,17.1,2.4,2.3,17,16.7,0.8,4.6,0.0,931.96,799,16.4,2.2
258746,CHEY,2024-03-30 20:00:00,44,19.4,1.7,1.6,21,21.1,1.3,4.0,0.0,931.17,610,18.5,1.4
258866,CHEY,2024-03-30 21:00:00,40,20.9,1.7,1.5,17,22.2,0.5,2.8,0.0,930.08,748,20.4,1.1
258986,CHEY,2024-03-30 22:00:00,43,21.3,4.8,4.8,121,7.5,0.8,6.6,0.0,929.71,375,20.5,4.3
259106,CHEY,2024-03-30 23:00:00,40,21.6,4.6,4.5,144,10.4,0.6,5.6,0.0,929.34,378,21.1,4.1
259226,CHEY,2024-03-31 00:00:00,48,19.4,5.9,5.9,154,6.1,0.9,7.6,0.0,929.3,93,19.5,5.1
259346,CHEY,2024-03-31 01:00:00,61,16.7,3.7,3.7,147,6.4,0.4,5.0,0.0,928.87,5,17.1,2.9
259466,CHEY,2024-03-31 02:00:00,68,15.0,2.2,2.2,166,4.9,0.1,2.5,0.0,928.8,0,15.8,1.5
259586,CHEY,2024-03-31 03:00:00,73,13.6,1.1,1.1,133,8.0,0.2,1.5,0.0,928.86,0,14.2,0.1
259706,CHEY,2024-03-31 04:00:00,76,14.3,2.2,2.2,150,7.0,0.3,3.0,0.0,928.42,0,14.9,1.2
259826,CHEY,2024-03-31 05:00:00,83,14.1,2.3,2.3,160,9.1,0.5,3.2,0.0,927.78,0,14.7,1.4
259946,CHEY,2024-03-31 06:00:00,82,16.6,5.2,5.1,176,8.1,0.7,7.3,0.0,927.62,0,16.8,4.1
260066,CHEY,2024-03-31 07:00:00,88,16.2,6.7,6.6,174,7.5,1.0,8.9,0.0,927.45,0,16.4,5.6
260186,CHEY,2024-03-31 08:00:00,93,15.3,6.6,6.5,181,6.6,0.8,8.5,0.0,927.01,0,15.5,5.6
260306,CHEY,2024-03-31 09:00:00,93,15.4,6.6,6.5,188,6.5,0.7,8.2,0.0,926.54,0,15.7,5.4
260426,CHEY,2024-03-31 10:00:00,94,14.8,6.6,6.6,186,5.5,0.6,7.7,0.0,926.17,0,15.0,5.5
260546,CHEY,2024-03-31 11:00:00,93,14.7,7.0,7.0,189,5.2,0.7,8.4,0.0,926.19,0,14.9,5.7
260666,CHEY,2024-03-31 12:00:00,94,14.7,6.9,6.8,187,5.3,0.7,8.9,0.0,926.43,0,14.9,5.7
260786,CHEY,2024-03-31 13:00:00,93,14.5,6.4,6.4,195,4.6,0.6,7.9,0.0,926.95,22,14.8,5.2
260906,CHEY,2024-03-31 14:00:00,88,15.4,6.6,6.6,197,5.5,0.6,8.1,0.0,927.03,107,15.5,5.3
261026,CHEY,2024-03-31 15:00:00,81,16.6,6.2,6.2,193,4.8,0.8,7.8,0.0,927.05,216,16.5,5.4
261146,CHEY,2024-03-31 16:00:00,75,17.9,5.9,5.8,196,6.7,0.6,7.1,0.0,927.35,294,17.6,5.1
261266,CHEY,2024-03-31 17:00:00,70,19.3,4.0,3.9,174,11.2,0.6,5.3,0.0,927.48,387,18.9,3.6
261386,CHEY,2024-03-31 18:00:00,65,21.1,4.3,4.3,190,9.3,1.1,6.1,0.0,926.96,600,20.5,3.9
261506,CHEY,2024-03-31 19:00:00,55,23.5,4.7,4.6,185,11.7,1.0,6.8,0.0,926.46,560,22.9,4.2
261626,CHEY,2024-03-31 20:00:00,51,24.8,6.5,6.3,168,13.0,1.0,8.7,0.0,925.21,735,23.8,5.7
261746,CHEY,2024-03-31 21:00:00,56,23.2,7.5,7.5,184,6.6,0.9,9.3,0.0,924.83,283,22.8,6.3
261866,CHEY,2024-03-31 22:00:00,72,21.5,7.5,7.4,170,9.1,1.2,9.9,0.0,924.55,153,21.3,6.6
261986,CHEY,2024-03-31 23:00:00,79,20.5,7.1,7.0,165,10.2,1.0,9.2,0.0,923.99,139,20.4,6.2
262106,CHEY,2024-04-01 00:00:00,81,19.9,8.9,8.8,168,7.2,1.5,13.2,0.0,924.07,70,19.8,7.5
